Area,Year,average_rain_fall_mm_per_year
Afghanistan,1992,327
Afghanistan,1993,327
Afghanistan,1994,327
Afghanistan,1995,327
Afghanistan,1996,327
Afghanistan,1997,327
Afghanistan,1998,327
Afghanistan,1999,327
Afghanistan,2000,327
Afghanistan,2001,327
Afghanistan,2002,327
Afghanistan,2004,327
Afghanistan,2005,327
Afghanistan,2006,327
Afghanistan,2007,327
Afghanistan,2008,327
Afghanistan,2009,327
Afghanistan,2010,327
Afghanistan,2011,327
Afghanistan,2012,327
Afghanistan,2013,327
Albania,1992,1485
Albania,1993,1485
Albania,1994,1485
Albania,1995,1485
Albania,1996,1485
Albania,1997,1485
Albania,1998,1485
Albania,1999,1485
Albania,2000,1485
Albania,2001,1485
Albania,2002,1485
Albania,2004,1485
Albania,2005,1485
Albania,2006,1485
Albania,2007,1485
Albania,2008,1485
Albania,2009,1485
Albania,2010,1485
Albania,2011,1485
Albania,2012,1485
Albania,2013,1485
Algeria,1992,89
Algeria,1993,89
Algeria,1994,89
Algeria,1995,89
Algeria,1996,89
Algeria,1997,89
Algeria,1998,89
Algeria,1999,89
Algeria,2000,89
Algeria,2001,89
Algeria,2002,89
Algeria,2004,89
Algeria,2005,89
Algeria,2006,89
Algeria,2007,89
Algeria,2008,89
Algeria,2009,89
Algeria,2010,89
Algeria,2011,89
Algeria,2012,89
Algeria,2013,89
Andorra,1992,1010
Andorra,1993,1010
Andorra,1994,1010
Andorra,1995,1010
Andorra,1996,1010
Andorra,1997,1010
Andorra,1998,1010
Andorra,1999,1010
Andorra,2000,1010
Andorra,2001,1010
Andorra,2002,1010
Andorra,2004,1010
Andorra,2005,1010
Andorra,2006,1010
Andorra,2007,1010
Andorra,2008,1010
Andorra,2009,1010
Andorra,2010,1010
Andorra,2011,1010
Andorra,2012,1010
Andorra,2013,1010
Angola,1992,1010
Angola,1993,1010
Angola,1994,1010
Angola,1995,1010
Angola,1996,1010
Angola,1997,1010
Angola,1998,1010
Angola,1999,1010
Angola,2000,1010
Angola,2001,1010
Angola,2002,1010
Angola,2004,1010
Angola,2005,1010
Angola,2006,1010
Angola,2007,1010
Angola,2008,1010
Angola,2009,1010
Angola,2010,1010
Angola,2011,1010
Angola,2012,1010
Angola,2013,1010
Antigua and Barbuda,1992,1030
Antigua and Barbuda,1993,1030
Antigua and Barbuda,1994,1030
Antigua and Barbuda,1995,1030
Antigua and Barbuda,1996,1030
Antigua and Barbuda,1997,1030
Antigua and Barbuda,1998,1030
Antigua and Barbuda,1999,1030
Antigua and Barbuda,2000,1030
Antigua and Barbuda,2001,1030
Antigua and Barbuda,2002,1030
Antigua and Barbuda,2004,1030
Antigua and Barbuda,2005,1030
Antigua and Barbuda,2006,1030
Antigua and Barbuda,2007,1030
Antigua and Barbuda,2008,1030
Antigua and Barbuda,2009,1030
Antigua and Barbuda,2010,1030
Antigua and Barbuda,2011,1030
Antigua and Barbuda,2012,1030
Antigua and Barbuda,2013,1030
Argentina,1992,591
Argentina,1993,591
Argentina,1994,591
Argentina,1995,591
Argentina,1996,591
Argentina,1997,591
Argentina,1998,591
Argentina,1999,591
Argentina,2000,591
Argentina,2001,591
Argentina,2002,591
Argentina,2004,591
Argentina,2005,591
Argentina,2006,591
Argentina,2007,591
Argentina,2008,591
Argentina,2009,591
Argentina,2010,591
Argentina,2011,591
Argentina,2012,591
Argentina,2013,591
Armenia,1992,562
Armenia,1993,562
Armenia,1994,562
Armenia,1995,562
Armenia,1996,562
Armenia,1997,562
Armenia,1998,562
Armenia,1999,562
Armenia,2000,562
Armenia,2001,562
Armenia,2002,562
Armenia,2004,562
Armenia,2005,562
Armenia,2006,562
Armenia,2007,562
Armenia,2008,562
Armenia,2009,562
Armenia,2010,562
Armenia,2011,562
Armenia,2012,562
Armenia,2013,562
Australia,1992,534
Australia,1993,534
Australia,1994,534
Australia,1995,534
Australia,1996,534
Australia,1997,534
Australia,1998,534
Australia,1999,534
Australia,2000,534
Australia,2001,534
Australia,2002,534
Australia,2004,534
Australia,2005,534
Australia,2006,534
Australia,2007,534
Australia,2008,534
Australia,2009,534
Australia,2010,534
Australia,2011,534
Australia,2012,534
Australia,2013,534
Austria,1992,1110
Austria,1993,1110
Austria,1994,1110
Austria,1995,1110
Austria,1996,1110
Austria,1997,1110
Austria,1998,1110
Austria,1999,1110
Austria,2000,1110
Austria,2001,1110
Austria,2002,1110
Austria,2004,1110
Austria,2005,1110
Austria,2006,1110
Austria,2007,1110
Austria,2008,1110
Austria,2009,1110
Austria,2010,1110
Austria,2011,1110
Austria,2012,1110
Austria,2013,1110
Azerbaijan,1992,447
Azerbaijan,1993,447
Azerbaijan,1994,447
Azerbaijan,1995,447
Azerbaijan,1996,447
Azerbaijan,1997,447
Azerbaijan,1998,447
Azerbaijan,1999,447
Azerbaijan,2000,447
Azerbaijan,2001,447
Azerbaijan,2002,447
Azerbaijan,2004,447
Azerbaijan,2005,447
Azerbaijan,2006,447
Azerbaijan,2007,447
Azerbaijan,2008,447
Azerbaijan,2009,447
Azerbaijan,2010,447
Azerbaijan,2011,447
Azerbaijan,2012,447
Azerbaijan,2013,447
Bahamas,1992,1292
Bahamas,1993,1292
Bahamas,1994,1292
Bahamas,1995,1292
Bahamas,1996,1292
Bahamas,1997,1292
Bahamas,1998,1292
Bahamas,1999,1292
Bahamas,2000,1292
Bahamas,2001,1292
Bahamas,2002,1292
Bahamas,2004,1292
Bahamas,2005,1292
Bahamas,2006,1292
Bahamas,2007,1292
Bahamas,2008,1292
Bahamas,2009,1292
Bahamas,2010,1292
Bahamas,2011,1292
Bahamas,2012,1292
Bahamas,2013,1292
Bahrain,1992,83
Bahrain,1993,83
Bahrain,1994,83
Bahrain,1995,83
Bahrain,1996,83
Bahrain,1997,83
Bahrain,1998,83
Bahrain,1999,83
Bahrain,2000,83
Bahrain,2001,83
Bahrain,2002,83
Bahrain,2004,83
Bahrain,2005,83
Bahrain,2006,83
Bahrain,2007,83
Bahrain,2008,83
Bahrain,2009,83
Bahrain,2010,83
Bahrain,2011,83
Bahrain,2012,83
Bahrain,2013,83
Bangladesh,1992,2666
Bangladesh,1993,2666
Bangladesh,1994,2666
Bangladesh,1995,2666
Bangladesh,1996,2666
Bangladesh,1997,2666
Bangladesh,1998,2666
Bangladesh,1999,2666
Bangladesh,2000,2666
Bangladesh,2001,2666
Bangladesh,2002,2666
Bangladesh,2004,2666
Bangladesh,2005,2666
Bangladesh,2006,2666
Bangladesh,2007,2666
Bangladesh,2008,2666
Bangladesh,2009,2666
Bangladesh,2010,2666
Bangladesh,2011,2666
Bangladesh,2012,2666
Bangladesh,2013,2666
Barbados,1992,1422
Barbados,1993,1422
Barbados,1994,1422
Barbados,1995,1422
Barbados,1996,1422
Barbados,1997,1422
Barbados,1998,1422
Barbados,1999,1422
Barbados,2000,1422
Barbados,2001,1422
Barbados,2002,1422
Barbados,2004,1422
Barbados,2005,1422
Barbados,2006,1422
Barbados,2007,1422
Barbados,2008,1422
Barbados,2009,1422
Barbados,2010,1422
Barbados,2011,1422
Barbados,2012,1422
Barbados,2013,1422
Belarus,1992,618
Belarus,1993,618
Belarus,1994,618
Belarus,1995,618
Belarus,1996,618
Belarus,1997,618
Belarus,1998,618
Belarus,1999,618
Belarus,2000,618
Belarus,2001,618
Belarus,2002,618
Belarus,2004,618
Belarus,2005,618
Belarus,2006,618
Belarus,2007,618
Belarus,2008,618
Belarus,2009,618
Belarus,2010,618
Belarus,2011,618
Belarus,2012,618
Belarus,2013,618
Belgium,1992,847
Belgium,1993,847
Belgium,1994,847
Belgium,1995,847
Belgium,1996,847
Belgium,1997,847
Belgium,1998,847
Belgium,1999,847
Belgium,2000,847
Belgium,2001,847
Belgium,2002,847
Belgium,2004,847
Belgium,2005,847
Belgium,2006,847
Belgium,2007,847
Belgium,2008,847
Belgium,2009,847
Belgium,2010,847
Belgium,2011,847
Belgium,2012,847
Belgium,2013,847
Belize,1992,1705
Belize,1993,1705
Belize,1994,1705
Belize,1995,1705
Belize,1996,1705
Belize,1997,1705
Belize,1998,1705
Belize,1999,1705
Belize,2000,1705
Belize,2001,1705
Belize,2002,1705
Belize,2004,1705
Belize,2005,1705
Belize,2006,1705
Belize,2007,1705
Belize,2008,1705
Belize,2009,1705
Belize,2010,1705
Belize,2011,1705
Belize,2012,1705
Belize,2013,1705
Benin,1992,1039
Benin,1993,1039
Benin,1994,1039
Benin,1995,1039
Benin,1996,1039
Benin,1997,1039
Benin,1998,1039
Benin,1999,1039
Benin,2000,1039
Benin,2001,1039
Benin,2002,1039
Benin,2004,1039
Benin,2005,1039
Benin,2006,1039
Benin,2007,1039
Benin,2008,1039
Benin,2009,1039
Benin,2010,1039
Benin,2011,1039
Benin,2012,1039
Benin,2013,1039
Bhutan,1992,2200
Bhutan,1993,2200
Bhutan,1994,2200
Bhutan,1995,2200
Bhutan,1996,2200
Bhutan,1997,2200
Bhutan,1998,2200
Bhutan,1999,2200
Bhutan,2000,2200
Bhutan,2001,2200
Bhutan,2002,2200
Bhutan,2004,2200
Bhutan,2005,2200
Bhutan,2006,2200
Bhutan,2007,2200
Bhutan,2008,2200
Bhutan,2009,2200
Bhutan,2010,2200
Bhutan,2011,2200
Bhutan,2012,2200
Bhutan,2013,2200
Bolivia,1992,1146
Bolivia,1993,1146
Bolivia,1994,1146
Bolivia,1995,1146
Bolivia,1996,1146
Bolivia,1997,1146
Bolivia,1998,1146
Bolivia,1999,1146
Bolivia,2000,1146
Bolivia,2001,1146
Bolivia,2002,1146
Bolivia,2004,1146
Bolivia,2005,1146
Bolivia,2006,1146
Bolivia,2007,1146
Bolivia,2008,1146
Bolivia,2009,1146
Bolivia,2010,1146
Bolivia,2011,1146
Bolivia,2012,1146
Bolivia,2013,1146
Bosnia and Herzegovina,1992,1028
Bosnia and Herzegovina,1993,1028
Bosnia and Herzegovina,1994,1028
Bosnia and Herzegovina,1995,1028
Bosnia and Herzegovina,1996,1028
Bosnia and Herzegovina,1997,1028
Bosnia and Herzegovina,1998,1028
Bosnia and Herzegovina,1999,1028
Bosnia and Herzegovina,2000,1028
Bosnia and Herzegovina,2001,1028
Bosnia and Herzegovina,2002,1028
Bosnia and Herzegovina,2004,1028
Bosnia and Herzegovina,2005,1028
Bosnia and Herzegovina,2006,1028
Bosnia and Herzegovina,2007,1028
Bosnia and Herzegovina,2008,1028
Bosnia and Herzegovina,2009,1028
Bosnia and Herzegovina,2010,1028
Bosnia and Herzegovina,2011,1028
Bosnia and Herzegovina,2012,1028
Bosnia and Herzegovina,2013,1028
Botswana,1992,416
Botswana,1993,416
Botswana,1994,416
Botswana,1995,416
Botswana,1996,416
Botswana,1997,416
Botswana,1998,416
Botswana,1999,416
Botswana,2000,416
Botswana,2001,416
Botswana,2002,416
Botswana,2004,416
Botswana,2005,416
Botswana,2006,416
Botswana,2007,416
Botswana,2008,416
Botswana,2009,416
Botswana,2010,416
Botswana,2011,416
Botswana,2012,416
Botswana,2013,416
Brazil,1992,1761
Brazil,1993,1761
Brazil,1994,1761
Brazil,1995,1761
Brazil,1996,1761
Brazil,1997,1761
Brazil,1998,1761
Brazil,1999,1761
Brazil,2000,1761
Brazil,2001,1761
Brazil,2002,1761
Brazil,2004,1761
Brazil,2005,1761
Brazil,2006,1761
Brazil,2007,1761
Brazil,2008,1761
Brazil,2009,1761
Brazil,2010,1761
Brazil,2011,1761
Brazil,2012,1761
Brazil,2013,1761
Brunei Darussalam,1992,2722
Brunei Darussalam,1993,2722
Brunei Darussalam,1994,2722
Brunei Darussalam,1995,2722
Brunei Darussalam,1996,2722
Brunei Darussalam,1997,2722
Brunei Darussalam,1998,2722
Brunei Darussalam,1999,2722
Brunei Darussalam,2000,2722
Brunei Darussalam,2001,2722
Brunei Darussalam,2002,2722
Brunei Darussalam,2004,2722
Brunei Darussalam,2005,2722
Brunei Darussalam,2006,2722
Brunei Darussalam,2007,2722
Brunei Darussalam,2008,2722
Brunei Darussalam,2009,2722
Brunei Darussalam,2010,2722
Brunei Darussalam,2011,2722
Brunei Darussalam,2012,2722
Brunei Darussalam,2013,2722
Bulgaria,1992,608
Bulgaria,1993,608
Bulgaria,1994,608
Bulgaria,1995,608
Bulgaria,1996,608
Bulgaria,1997,608
Bulgaria,1998,608
Bulgaria,1999,608
Bulgaria,2000,608
Bulgaria,2001,608
Bulgaria,2002,608
Bulgaria,2004,608
Bulgaria,2005,608
Bulgaria,2006,608
Bulgaria,2007,608
Bulgaria,2008,608
Bulgaria,2009,608
Bulgaria,2010,608
Bulgaria,2011,608
Bulgaria,2012,608
Bulgaria,2013,608
Burkina Faso,1992,748
Burkina Faso,1993,748
Burkina Faso,1994,748
Burkina Faso,1995,748
Burkina Faso,1996,748
Burkina Faso,1997,748
Burkina Faso,1998,748
Burkina Faso,1999,748
Burkina Faso,2000,748
Burkina Faso,2001,748
Burkina Faso,2002,748
Burkina Faso,2004,748
Burkina Faso,2005,748
Burkina Faso,2006,748
Burkina Faso,2007,748
Burkina Faso,2008,748
Burkina Faso,2009,748
Burkina Faso,2010,748
Burkina Faso,2011,748
Burkina Faso,2012,748
Burkina Faso,2013,748
Burundi,1992,1274
Burundi,1993,1274
Burundi,1994,1274
Burundi,1995,1274
Burundi,1996,1274
Burundi,1997,1274
Burundi,1998,1274
Burundi,1999,1274
Burundi,2000,1274
Burundi,2001,1274
Burundi,2002,1274
Burundi,2004,1274
Burundi,2005,1274
Burundi,2006,1274
Burundi,2007,1274
Burundi,2008,1274
Burundi,2009,1274
Burundi,2010,1274
Burundi,2011,1274
Burundi,2012,1274
Burundi,2013,1274
Cabo Verde,1992,228
Cabo Verde,1993,228
Cabo Verde,1994,228
Cabo Verde,1995,228
Cabo Verde,1996,228
Cabo Verde,1997,228
Cabo Verde,1998,228
Cabo Verde,1999,228
Cabo Verde,2000,228
Cabo Verde,2001,228
Cabo Verde,2002,228
Cabo Verde,2004,228
Cabo Verde,2005,228
Cabo Verde,2006,228
Cabo Verde,2007,228
Cabo Verde,2008,228
Cabo Verde,2009,228
Cabo Verde,2010,228
Cabo Verde,2011,228
Cabo Verde,2012,228
Cabo Verde,2013,228
Cambodia,1992,1904
Cambodia,1993,1904
Cambodia,1994,1904
Cambodia,1995,1904
Cambodia,1996,1904
Cambodia,1997,1904
Cambodia,1998,1904
Cambodia,1999,1904
Cambodia,2000,1904
Cambodia,2001,1904
Cambodia,2002,1904
Cambodia,2004,1904
Cambodia,2005,1904
Cambodia,2006,1904
Cambodia,2007,1904
Cambodia,2008,1904
Cambodia,2009,1904
Cambodia,2010,1904
Cambodia,2011,1904
Cambodia,2012,1904
Cambodia,2013,1904
Cameroon,1992,1604
Cameroon,1993,1604
Cameroon,1994,1604
Cameroon,1995,1604
Cameroon,1996,1604
Cameroon,1997,1604
Cameroon,1998,1604
Cameroon,1999,1604
Cameroon,2000,1604
Cameroon,2001,1604
Cameroon,2002,1604
Cameroon,2004,1604
Cameroon,2005,1604
Cameroon,2006,1604
Cameroon,2007,1604
Cameroon,2008,1604
Cameroon,2009,1604
Cameroon,2010,1604
Cameroon,2011,1604
Cameroon,2012,1604
Cameroon,2013,1604
Canada,1992,537
Canada,1993,537
Canada,1994,537
Canada,1995,537
Canada,1996,537
Canada,1997,537
Canada,1998,537
Canada,1999,537
Canada,2000,537
Canada,2001,537
Canada,2002,537
Canada,2004,537
Canada,2005,537
Canada,2006,537
Canada,2007,537
Canada,2008,537
Canada,2009,537
Canada,2010,537
Canada,2011,537
Canada,2012,537
Canada,2013,537
Central African Republic,1992,1342
Central African Republic,1993,1342
Central African Republic,1994,1342
Central African Republic,1995,1342
Central African Republic,1996,1342
Central African Republic,1997,1342
Central African Republic,1998,1342
Central African Republic,1999,1342
Central African Republic,2000,1342
Central African Republic,2001,1342
Central African Republic,2002,1342
Central African Republic,2004,1342
Central African Republic,2005,1342
Central African Republic,2006,1342
Central African Republic,2007,1342
Central African Republic,2008,1342
Central African Republic,2009,1342
Central African Republic,2010,1342
Central African Republic,2011,1342
Central African Republic,2012,1342
Central African Republic,2013,1342
Chad,1992,322
Chad,1993,322
Chad,1994,322
Chad,1995,322
Chad,1996,322
Chad,1997,322
Chad,1998,322
Chad,1999,322
Chad,2000,322
Chad,2001,322
Chad,2002,322
Chad,2004,322
Chad,2005,322
Chad,2006,322
Chad,2007,322
Chad,2008,322
Chad,2009,322
Chad,2010,322
Chad,2011,322
Chad,2012,322
Chad,2013,322
Chile,1992,1522
Chile,1993,1522
Chile,1994,1522
Chile,1995,1522
Chile,1996,1522
Chile,1997,1522
Chile,1998,1522
Chile,1999,1522
Chile,2000,1522
Chile,2001,1522
Chile,2002,1522
Chile,2004,1522
Chile,2005,1522
Chile,2006,1522
Chile,2007,1522
Chile,2008,1522
Chile,2009,1522
Chile,2010,1522
Chile,2011,1522
Chile,2012,1522
Chile,2013,1522
China,1992,645
China,1993,645
China,1994,645
China,1995,645
China,1996,645
China,1997,645
China,1998,645
China,1999,645
China,2000,645
China,2001,645
China,2002,645
China,2004,645
China,2005,645
China,2006,645
China,2007,645
China,2008,645
China,2009,645
China,2010,645
China,2011,645
China,2012,645
China,2013,645
Colombia,1992,3240
Colombia,1993,3240
Colombia,1994,3240
Colombia,1995,3240
Colombia,1996,3240
Colombia,1997,3240
Colombia,1998,3240
Colombia,1999,3240
Colombia,2000,3240
Colombia,2001,3240
Colombia,2002,3240
Colombia,2004,3240
Colombia,2005,3240
Colombia,2006,3240
Colombia,2007,3240
Colombia,2008,3240
Colombia,2009,3240
Colombia,2010,3240
Colombia,2011,3240
Colombia,2012,3240
Colombia,2013,3240
Comoros,1992,900
Comoros,1993,900
Comoros,1994,900
Comoros,1995,900
Comoros,1996,900
Comoros,1997,900
Comoros,1998,900
Comoros,1999,900
Comoros,2000,900
Comoros,2001,900
Comoros,2002,900
Comoros,2004,900
Comoros,2005,900
Comoros,2006,900
Comoros,2007,900
Comoros,2008,900
Comoros,2009,900
Comoros,2010,900
Comoros,2011,900
Comoros,2012,900
Comoros,2013,900
"Congo, Dem. Rep.",1992,1543
"Congo, Dem. Rep.",1993,1543
"Congo, Dem. Rep.",1994,1543
"Congo, Dem. Rep.",1995,1543
"Congo, Dem. Rep.",1996,1543
"Congo, Dem. Rep.",1997,1543
"Congo, Dem. Rep.",1998,1543
"Congo, Dem. Rep.",1999,1543
"Congo, Dem. Rep.",2000,1543
"Congo, Dem. Rep.",2001,1543
"Congo, Dem. Rep.",2002,1543
"Congo, Dem. Rep.",2004,1543
"Congo, Dem. Rep.",2005,1543
"Congo, Dem. Rep.",2006,1543
"Congo, Dem. Rep.",2007,1543
"Congo, Dem. Rep.",2008,1543
"Congo, Dem. Rep.",2009,1543
"Congo, Dem. Rep.",2010,1543
"Congo, Dem. Rep.",2011,1543
"Congo, Dem. Rep.",2012,1543
"Congo, Dem. Rep.",2013,1543
"Congo, Rep.",1992,1646
"Congo, Rep.",1993,1646
"Congo, Rep.",1994,1646
"Congo, Rep.",1995,1646
"Congo, Rep.",1996,1646
"Congo, Rep.",1997,1646
"Congo, Rep.",1998,1646
"Congo, Rep.",1999,1646
"Congo, Rep.",2000,1646
"Congo, Rep.",2001,1646
"Congo, Rep.",2002,1646
"Congo, Rep.",2004,1646
"Congo, Rep.",2005,1646
"Congo, Rep.",2006,1646
"Congo, Rep.",2007,1646
"Congo, Rep.",2008,1646
"Congo, Rep.",2009,1646
"Congo, Rep.",2010,1646
"Congo, Rep.",2011,1646
"Congo, Rep.",2012,1646
"Congo, Rep.",2013,1646
Costa Rica,1992,2926
Costa Rica,1993,2926
Costa Rica,1994,2926
Costa Rica,1995,2926
Costa Rica,1996,2926
Costa Rica,1997,2926
Costa Rica,1998,2926
Costa Rica,1999,2926
Costa Rica,2000,2926
Costa Rica,2001,2926
Costa Rica,2002,2926
Costa Rica,2004,2926
Costa Rica,2005,2926
Costa Rica,2006,2926
Costa Rica,2007,2926
Costa Rica,2008,2926
Costa Rica,2009,2926
Costa Rica,2010,2926
Costa Rica,2011,2926
Costa Rica,2012,2926
Costa Rica,2013,2926
Cote d'Ivoire,1992,1348
Cote d'Ivoire,1993,1348
Cote d'Ivoire,1994,1348
Cote d'Ivoire,1995,1348
Cote d'Ivoire,1996,1348
Cote d'Ivoire,1997,1348
Cote d'Ivoire,1998,1348
Cote d'Ivoire,1999,1348
Cote d'Ivoire,2000,1348
Cote d'Ivoire,2001,1348
Cote d'Ivoire,2002,1348
Cote d'Ivoire,2004,1348
Cote d'Ivoire,2005,1348
Cote d'Ivoire,2006,1348
Cote d'Ivoire,2007,1348
Cote d'Ivoire,2008,1348
Cote d'Ivoire,2009,1348
Cote d'Ivoire,2010,1348
Cote d'Ivoire,2011,1348
Cote d'Ivoire,2012,1348
Cote d'Ivoire,2013,1348
Croatia,1992,1113
Croatia,1993,1113
Croatia,1994,1113
Croatia,1995,1113
Croatia,1996,1113
Croatia,1997,1113
Croatia,1998,1113
Croatia,1999,1113
Croatia,2000,1113
Croatia,2001,1113
Croatia,2002,1113
Croatia,2004,1113
Croatia,2005,1113
Croatia,2006,1113
Croatia,2007,1113
Croatia,2008,1113
Croatia,2009,1113
Croatia,2010,1113
Croatia,2011,1113
Croatia,2012,1113
Croatia,2013,1113
Cuba,1992,1335
Cuba,1993,1335
Cuba,1994,1335
Cuba,1995,1335
Cuba,1996,1335
Cuba,1997,1335
Cuba,1998,1335
Cuba,1999,1335
Cuba,2000,1335
Cuba,2001,1335
Cuba,2002,1335
Cuba,2004,1335
Cuba,2005,1335
Cuba,2006,1335
Cuba,2007,1335
Cuba,2008,1335
Cuba,2009,1335
Cuba,2010,1335
Cuba,2011,1335
Cuba,2012,1335
Cuba,2013,1335
Cyprus,1992,498
Cyprus,1993,498
Cyprus,1994,498
Cyprus,1995,498
Cyprus,1996,498
Cyprus,1997,498
Cyprus,1998,498
Cyprus,1999,498
Cyprus,2000,498
Cyprus,2001,498
Cyprus,2002,498
Cyprus,2004,498
Cyprus,2005,498
Cyprus,2006,498
Cyprus,2007,498
Cyprus,2008,498
Cyprus,2009,498
Cyprus,2010,498
Cyprus,2011,498
Cyprus,2012,498
Cyprus,2013,498
Czech Republic,1992,677
Czech Republic,1993,677
Czech Republic,1994,677
Czech Republic,1995,677
Czech Republic,1996,677
Czech Republic,1997,677
Czech Republic,1998,677
Czech Republic,1999,677
Czech Republic,2000,677
Czech Republic,2001,677
Czech Republic,2002,677
Czech Republic,2004,677
Czech Republic,2005,677
Czech Republic,2006,677
Czech Republic,2007,677
Czech Republic,2008,677
Czech Republic,2009,677
Czech Republic,2010,677
Czech Republic,2011,677
Czech Republic,2012,677
Czech Republic,2013,677
Denmark,1992,703
Denmark,1993,703
Denmark,1994,703
Denmark,1995,703
Denmark,1996,703
Denmark,1997,703
Denmark,1998,703
Denmark,1999,703
Denmark,2000,703
Denmark,2001,703
Denmark,2002,703
Denmark,2004,703
Denmark,2005,703
Denmark,2006,703
Denmark,2007,703
Denmark,2008,703
Denmark,2009,703
Denmark,2010,703
Denmark,2011,703
Denmark,2012,703
Denmark,2013,703
Djibouti,1992,220
Djibouti,1993,220
Djibouti,1994,220
Djibouti,1995,220
Djibouti,1996,220
Djibouti,1997,220
Djibouti,1998,220
Djibouti,1999,220
Djibouti,2000,220
Djibouti,2001,220
Djibouti,2002,220
Djibouti,2004,220
Djibouti,2005,220
Djibouti,2006,220
Djibouti,2007,220
Djibouti,2008,220
Djibouti,2009,220
Djibouti,2010,220
Djibouti,2011,220
Djibouti,2012,220
Djibouti,2013,220
Dominica,1992,2083
Dominica,1993,2083
Dominica,1994,2083
Dominica,1995,2083
Dominica,1996,2083
Dominica,1997,2083
Dominica,1998,2083
Dominica,1999,2083
Dominica,2000,2083
Dominica,2001,2083
Dominica,2002,2083
Dominica,2004,2083
Dominica,2005,2083
Dominica,2006,2083
Dominica,2007,2083
Dominica,2008,2083
Dominica,2009,2083
Dominica,2010,2083
Dominica,2011,2083
Dominica,2012,2083
Dominica,2013,2083
Dominican Republic,1992,1410
Dominican Republic,1993,1410
Dominican Republic,1994,1410
Dominican Republic,1995,1410
Dominican Republic,1996,1410
Dominican Republic,1997,1410
Dominican Republic,1998,1410
Dominican Republic,1999,1410
Dominican Republic,2000,1410
Dominican Republic,2001,1410
Dominican Republic,2002,1410
Dominican Republic,2004,1410
Dominican Republic,2005,1410
Dominican Republic,2006,1410
Dominican Republic,2007,1410
Dominican Republic,2008,1410
Dominican Republic,2009,1410
Dominican Republic,2010,1410
Dominican Republic,2011,1410
Dominican Republic,2012,1410
Dominican Republic,2013,1410
Ecuador,1992,2274
Ecuador,1993,2274
Ecuador,1994,2274
Ecuador,1995,2274
Ecuador,1996,2274
Ecuador,1997,2274
Ecuador,1998,2274
Ecuador,1999,2274
Ecuador,2000,2274
Ecuador,2001,2274
Ecuador,2002,2274
Ecuador,2004,2274
Ecuador,2005,2274
Ecuador,2006,2274
Ecuador,2007,2274
Ecuador,2008,2274
Ecuador,2009,2274
Ecuador,2010,2274
Ecuador,2011,2274
Ecuador,2012,2274
Ecuador,2013,2274
Egypt,1992,51
Egypt,1993,51
Egypt,1994,51
Egypt,1995,51
Egypt,1996,51
Egypt,1997,51
Egypt,1998,51
Egypt,1999,51
Egypt,2000,51
Egypt,2001,51
Egypt,2002,51
Egypt,2004,51
Egypt,2005,51
Egypt,2006,51
Egypt,2007,51
Egypt,2008,51
Egypt,2009,51
Egypt,2010,51
Egypt,2011,51
Egypt,2012,51
Egypt,2013,51
El Salvador,1992,1784
El Salvador,1993,1784
El Salvador,1994,1784
El Salvador,1995,1784
El Salvador,1996,1784
El Salvador,1997,1784
El Salvador,1998,1784
El Salvador,1999,1784
El Salvador,2000,1784
El Salvador,2001,1784
El Salvador,2002,1784
El Salvador,2004,1784
El Salvador,2005,1784
El Salvador,2006,1784
El Salvador,2007,1784
El Salvador,2008,1784
El Salvador,2009,1784
El Salvador,2010,1784
El Salvador,2011,1784
El Salvador,2012,1784
El Salvador,2013,1784
Equatorial Guinea,1992,2156
Equatorial Guinea,1993,2156
Equatorial Guinea,1994,2156
Equatorial Guinea,1995,2156
Equatorial Guinea,1996,2156
Equatorial Guinea,1997,2156
Equatorial Guinea,1998,2156
Equatorial Guinea,1999,2156
Equatorial Guinea,2000,2156
Equatorial Guinea,2001,2156
Equatorial Guinea,2002,2156
Equatorial Guinea,2004,2156
Equatorial Guinea,2005,2156
Equatorial Guinea,2006,2156
Equatorial Guinea,2007,2156
Equatorial Guinea,2008,2156
Equatorial Guinea,2009,2156
Equatorial Guinea,2010,2156
Equatorial Guinea,2011,2156
Equatorial Guinea,2012,2156
Equatorial Guinea,2013,2156
Eritrea,1992,383
Eritrea,1993,383
Eritrea,1994,383
Eritrea,1995,383
Eritrea,1996,383
Eritrea,1997,383
Eritrea,1998,383
Eritrea,1999,383
Eritrea,2000,383
Eritrea,2001,383
Eritrea,2002,383
Eritrea,2004,383
Eritrea,2005,383
Eritrea,2006,383
Eritrea,2007,383
Eritrea,2008,383
Eritrea,2009,383
Eritrea,2010,383
Eritrea,2011,383
Eritrea,2012,383
Eritrea,2013,383
Estonia,1992,626
Estonia,1993,626
Estonia,1994,626
Estonia,1995,626
Estonia,1996,626
Estonia,1997,626
Estonia,1998,626
Estonia,1999,626
Estonia,2000,626
Estonia,2001,626
Estonia,2002,626
Estonia,2004,626
Estonia,2005,626
Estonia,2006,626
Estonia,2007,626
Estonia,2008,626
Estonia,2009,626
Estonia,2010,626
Estonia,2011,626
Estonia,2012,626
Estonia,2013,626
Eswatini,1992,788
Eswatini,1993,788
Eswatini,1994,788
Eswatini,1995,788
Eswatini,1996,788
Eswatini,1997,788
Eswatini,1998,788
Eswatini,1999,788
Eswatini,2000,788
Eswatini,2001,788
Eswatini,2002,788
Eswatini,2004,788
Eswatini,2005,788
Eswatini,2006,788
Eswatini,2007,788
Eswatini,2008,788
Eswatini,2009,788
Eswatini,2010,788
Eswatini,2011,788
Eswatini,2012,788
Eswatini,2013,788
Ethiopia,1992,848
Ethiopia,1993,848
Ethiopia,1994,848
Ethiopia,1995,848
Ethiopia,1996,848
Ethiopia,1997,848
Ethiopia,1998,848
Ethiopia,1999,848
Ethiopia,2000,848
Ethiopia,2001,848
Ethiopia,2002,848
Ethiopia,2004,848
Ethiopia,2005,848
Ethiopia,2006,848
Ethiopia,2007,848
Ethiopia,2008,848
Ethiopia,2009,848
Ethiopia,2010,848
Ethiopia,2011,848
Ethiopia,2012,848
Ethiopia,2013,848
Fiji,1992,2592
Fiji,1993,2592
Fiji,1994,2592
Fiji,1995,2592
Fiji,1996,2592
Fiji,1997,2592
Fiji,1998,2592
Fiji,1999,2592
Fiji,2000,2592
Fiji,2001,2592
Fiji,2002,2592
Fiji,2004,2592
Fiji,2005,2592
Fiji,2006,2592
Fiji,2007,2592
Fiji,2008,2592
Fiji,2009,2592
Fiji,2010,2592
Fiji,2011,2592
Fiji,2012,2592
Fiji,2013,2592
Finland,1992,536
Finland,1993,536
Finland,1994,536
Finland,1995,536
Finland,1996,536
Finland,1997,536
Finland,1998,536
Finland,1999,536
Finland,2000,536
Finland,2001,536
Finland,2002,536
Finland,2004,536
Finland,2005,536
Finland,2006,536
Finland,2007,536
Finland,2008,536
Finland,2009,536
Finland,2010,536
Finland,2011,536
Finland,2012,536
Finland,2013,536
France,1992,867
France,1993,867
France,1994,867
France,1995,867
France,1996,867
France,1997,867
France,1998,867
France,1999,867
France,2000,867
France,2001,867
France,2002,867
France,2004,867
France,2005,867
France,2006,867
France,2007,867
France,2008,867
France,2009,867
France,2010,867
France,2011,867
France,2012,867
France,2013,867
Gabon,1992,1831
Gabon,1993,1831
Gabon,1994,1831
Gabon,1995,1831
Gabon,1996,1831
Gabon,1997,1831
Gabon,1998,1831
Gabon,1999,1831
Gabon,2000,1831
Gabon,2001,1831
Gabon,2002,1831
Gabon,2004,1831
Gabon,2005,1831
Gabon,2006,1831
Gabon,2007,1831
Gabon,2008,1831
Gabon,2009,1831
Gabon,2010,1831
Gabon,2011,1831
Gabon,2012,1831
Gabon,2013,1831
Gambia,1992,836
Gambia,1993,836
Gambia,1994,836
Gambia,1995,836
Gambia,1996,836
Gambia,1997,836
Gambia,1998,836
Gambia,1999,836
Gambia,2000,836
Gambia,2001,836
Gambia,2002,836
Gambia,2004,836
Gambia,2005,836
Gambia,2006,836
Gambia,2007,836
Gambia,2008,836
Gambia,2009,836
Gambia,2010,836
Gambia,2011,836
Gambia,2012,836
Gambia,2013,836
Georgia,1992,1026
Georgia,1993,1026
Georgia,1994,1026
Georgia,1995,1026
Georgia,1996,1026
Georgia,1997,1026
Georgia,1998,1026
Georgia,1999,1026
Georgia,2000,1026
Georgia,2001,1026
Georgia,2002,1026
Georgia,2004,1026
Georgia,2005,1026
Georgia,2006,1026
Georgia,2007,1026
Georgia,2008,1026
Georgia,2009,1026
Georgia,2010,1026
Georgia,2011,1026
Georgia,2012,1026
Georgia,2013,1026
Germany,1992,700
Germany,1993,700
Germany,1994,700
Germany,1995,700
Germany,1996,700
Germany,1997,700
Germany,1998,700
Germany,1999,700
Germany,2000,700
Germany,2001,700
Germany,2002,700
Germany,2004,700
Germany,2005,700
Germany,2006,700
Germany,2007,700
Germany,2008,700
Germany,2009,700
Germany,2010,700
Germany,2011,700
Germany,2012,700
Germany,2013,700
Ghana,1992,1187
Ghana,1993,1187
Ghana,1994,1187
Ghana,1995,1187
Ghana,1996,1187
Ghana,1997,1187
Ghana,1998,1187
Ghana,1999,1187
Ghana,2000,1187
Ghana,2001,1187
Ghana,2002,1187
Ghana,2004,1187
Ghana,2005,1187
Ghana,2006,1187
Ghana,2007,1187
Ghana,2008,1187
Ghana,2009,1187
Ghana,2010,1187
Ghana,2011,1187
Ghana,2012,1187
Ghana,2013,1187
Greece,1992,652
Greece,1993,652
Greece,1994,652
Greece,1995,652
Greece,1996,652
Greece,1997,652
Greece,1998,652
Greece,1999,652
Greece,2000,652
Greece,2001,652
Greece,2002,652
Greece,2004,652
Greece,2005,652
Greece,2006,652
Greece,2007,652
Greece,2008,652
Greece,2009,652
Greece,2010,652
Greece,2011,652
Greece,2012,652
Greece,2013,652
Grenada,1992,2350
Grenada,1993,2350
Grenada,1994,2350
Grenada,1995,2350
Grenada,1996,2350
Grenada,1997,2350
Grenada,1998,2350
Grenada,1999,2350
Grenada,2000,2350
Grenada,2001,2350
Grenada,2002,2350
Grenada,2004,2350
Grenada,2005,2350
Grenada,2006,2350
Grenada,2007,2350
Grenada,2008,2350
Grenada,2009,2350
Grenada,2010,2350
Grenada,2011,2350
Grenada,2012,2350
Grenada,2013,2350
Guatemala,1992,1996
Guatemala,1993,1996
Guatemala,1994,1996
Guatemala,1995,1996
Guatemala,1996,1996
Guatemala,1997,1996
Guatemala,1998,1996
Guatemala,1999,1996
Guatemala,2000,1996
Guatemala,2001,1996
Guatemala,2002,1996
Guatemala,2004,1996
Guatemala,2005,1996
Guatemala,2006,1996
Guatemala,2007,1996
Guatemala,2008,1996
Guatemala,2009,1996
Guatemala,2010,1996
Guatemala,2011,1996
Guatemala,2012,1996
Guatemala,2013,1996
Guinea,1992,1651
Guinea,1993,1651
Guinea,1994,1651
Guinea,1995,1651
Guinea,1996,1651
Guinea,1997,1651
Guinea,1998,1651
Guinea,1999,1651
Guinea,2000,1651
Guinea,2001,1651
Guinea,2002,1651
Guinea,2004,1651
Guinea,2005,1651
Guinea,2006,1651
Guinea,2007,1651
Guinea,2008,1651
Guinea,2009,1651
Guinea,2010,1651
Guinea,2011,1651
Guinea,2012,1651
Guinea,2013,1651
Guinea-Bissau,1992,1577
Guinea-Bissau,1993,1577
Guinea-Bissau,1994,1577
Guinea-Bissau,1995,1577
Guinea-Bissau,1996,1577
Guinea-Bissau,1997,1577
Guinea-Bissau,1998,1577
Guinea-Bissau,1999,1577
Guinea-Bissau,2000,1577
Guinea-Bissau,2001,1577
Guinea-Bissau,2002,1577
Guinea-Bissau,2004,1577
Guinea-Bissau,2005,1577
Guinea-Bissau,2006,1577
Guinea-Bissau,2007,1577
Guinea-Bissau,2008,1577
Guinea-Bissau,2009,1577
Guinea-Bissau,2010,1577
Guinea-Bissau,2011,1577
Guinea-Bissau,2012,1577
Guinea-Bissau,2013,1577
Guyana,1992,2387
Guyana,1993,2387
Guyana,1994,2387
Guyana,1995,2387
Guyana,1996,2387
Guyana,1997,2387
Guyana,1998,2387
Guyana,1999,2387
Guyana,2000,2387
Guyana,2001,2387
Guyana,2002,2387
Guyana,2004,2387
Guyana,2005,2387
Guyana,2006,2387
Guyana,2007,2387
Guyana,2008,2387
Guyana,2009,2387
Guyana,2010,2387
Guyana,2011,2387
Guyana,2012,2387
Guyana,2013,2387
Haiti,1992,1440
Haiti,1993,1440
Haiti,1994,1440
Haiti,1995,1440
Haiti,1996,1440
Haiti,1997,1440
Haiti,1998,1440
Haiti,1999,1440
Haiti,2000,1440
Haiti,2001,1440
Haiti,2002,1440
Haiti,2004,1440
Haiti,2005,1440
Haiti,2006,1440
Haiti,2007,1440
Haiti,2008,1440
Haiti,2009,1440
Haiti,2010,1440
Haiti,2011,1440
Haiti,2012,1440
Haiti,2013,1440
Honduras,1992,1976
Honduras,1993,1976
Honduras,1994,1976
Honduras,1995,1976
Honduras,1996,1976
Honduras,1997,1976
Honduras,1998,1976
Honduras,1999,1976
Honduras,2000,1976
Honduras,2001,1976
Honduras,2002,1976
Honduras,2004,1976
Honduras,2005,1976
Honduras,2006,1976
Honduras,2007,1976
Honduras,2008,1976
Honduras,2009,1976
Honduras,2010,1976
Honduras,2011,1976
Honduras,2012,1976
Honduras,2013,1976
Hungary,1992,589
Hungary,1993,589
Hungary,1994,589
Hungary,1995,589
Hungary,1996,589
Hungary,1997,589
Hungary,1998,589
Hungary,1999,589
Hungary,2000,589
Hungary,2001,589
Hungary,2002,589
Hungary,2004,589
Hungary,2005,589
Hungary,2006,589
Hungary,2007,589
Hungary,2008,589
Hungary,2009,589
Hungary,2010,589
Hungary,2011,589
Hungary,2012,589
Hungary,2013,589
Iceland,1992,1940
Iceland,1993,1940
Iceland,1994,1940
Iceland,1995,1940
Iceland,1996,1940
Iceland,1997,1940
Iceland,1998,1940
Iceland,1999,1940
Iceland,2000,1940
Iceland,2001,1940
Iceland,2002,1940
Iceland,2004,1940
Iceland,2005,1940
Iceland,2006,1940
Iceland,2007,1940
Iceland,2008,1940
Iceland,2009,1940
Iceland,2010,1940
Iceland,2011,1940
Iceland,2012,1940
Iceland,2013,1940
India,1992,1083
India,1993,1083
India,1994,1083
India,1995,1083
India,1996,1083
India,1997,1083
India,1998,1083
India,1999,1083
India,2000,1083
India,2001,1083
India,2002,1083
India,2004,1083
India,2005,1083
India,2006,1083
India,2007,1083
India,2008,1083
India,2009,1083
India,2010,1083
India,2011,1083
India,2012,1083
India,2013,1083
Indonesia,1992,2702
Indonesia,1993,2702
Indonesia,1994,2702
Indonesia,1995,2702
Indonesia,1996,2702
Indonesia,1997,2702
Indonesia,1998,2702
Indonesia,1999,2702
Indonesia,2000,2702
Indonesia,2001,2702
Indonesia,2002,2702
Indonesia,2004,2702
Indonesia,2005,2702
Indonesia,2006,2702
Indonesia,2007,2702
Indonesia,2008,2702
Indonesia,2009,2702
Indonesia,2010,2702
Indonesia,2011,2702
Indonesia,2012,2702
Indonesia,2013,2702
Iran,1992,228
Iran,1993,228
Iran,1994,228
Iran,1995,228
Iran,1996,228
Iran,1997,228
Iran,1998,228
Iran,1999,228
Iran,2000,228
Iran,2001,228
Iran,2002,228
Iran,2004,228
Iran,2005,228
Iran,2006,228
Iran,2007,228
Iran,2008,228
Iran,2009,228
Iran,2010,228
Iran,2011,228
Iran,2012,228
Iran,2013,228
Iraq,1992,216
Iraq,1993,216
Iraq,1994,216
Iraq,1995,216
Iraq,1996,216
Iraq,1997,216
Iraq,1998,216
Iraq,1999,216
Iraq,2000,216
Iraq,2001,216
Iraq,2002,216
Iraq,2004,216
Iraq,2005,216
Iraq,2006,216
Iraq,2007,216
Iraq,2008,216
Iraq,2009,216
Iraq,2010,216
Iraq,2011,216
Iraq,2012,216
Iraq,2013,216
Ireland,1992,1118
Ireland,1993,1118
Ireland,1994,1118
Ireland,1995,1118
Ireland,1996,1118
Ireland,1997,1118
Ireland,1998,1118
Ireland,1999,1118
Ireland,2000,1118
Ireland,2001,1118
Ireland,2002,1118
Ireland,2004,1118
Ireland,2005,1118
Ireland,2006,1118
Ireland,2007,1118
Ireland,2008,1118
Ireland,2009,1118
Ireland,2010,1118
Ireland,2011,1118
Ireland,2012,1118
Ireland,2013,1118
Israel,1992,435
Israel,1993,435
Israel,1994,435
Israel,1995,435
Israel,1996,435
Israel,1997,435
Israel,1998,435
Israel,1999,435
Israel,2000,435
Israel,2001,435
Israel,2002,435
Israel,2004,435
Israel,2005,435
Israel,2006,435
Israel,2007,435
Israel,2008,435
Israel,2009,435
Israel,2010,435
Israel,2011,435
Israel,2012,435
Israel,2013,435
Italy,1992,832
Italy,1993,832
Italy,1994,832
Italy,1995,832
Italy,1996,832
Italy,1997,832
Italy,1998,832
Italy,1999,832
Italy,2000,832
Italy,2001,832
Italy,2002,832
Italy,2004,832
Italy,2005,832
Italy,2006,832
Italy,2007,832
Italy,2008,832
Italy,2009,832
Italy,2010,832
Italy,2011,832
Italy,2012,832
Italy,2013,832
Jamaica,1992,2051
Jamaica,1993,2051
Jamaica,1994,2051
Jamaica,1995,2051
Jamaica,1996,2051
Jamaica,1997,2051
Jamaica,1998,2051
Jamaica,1999,2051
Jamaica,2000,2051
Jamaica,2001,2051
Jamaica,2002,2051
Jamaica,2004,2051
Jamaica,2005,2051
Jamaica,2006,2051
Jamaica,2007,2051
Jamaica,2008,2051
Jamaica,2009,2051
Jamaica,2010,2051
Jamaica,2011,2051
Jamaica,2012,2051
Jamaica,2013,2051
Japan,1992,1668
Japan,1993,1668
Japan,1994,1668
Japan,1995,1668
Japan,1996,1668
Japan,1997,1668
Japan,1998,1668
Japan,1999,1668
Japan,2000,1668
Japan,2001,1668
Japan,2002,1668
Japan,2004,1668
Japan,2005,1668
Japan,2006,1668
Japan,2007,1668
Japan,2008,1668
Japan,2009,1668
Japan,2010,1668
Japan,2011,1668
Japan,2012,1668
Japan,2013,1668
Jordan,1992,111
Jordan,1993,111
Jordan,1994,111
Jordan,1995,111
Jordan,1996,111
Jordan,1997,111
Jordan,1998,111
Jordan,1999,111
Jordan,2000,111
Jordan,2001,111
Jordan,2002,111
Jordan,2004,111
Jordan,2005,111
Jordan,2006,111
Jordan,2007,111
Jordan,2008,111
Jordan,2009,111
Jordan,2010,111
Jordan,2011,111
Jordan,2012,111
Jordan,2013,111
Kazakhstan,1992,250
Kazakhstan,1993,250
Kazakhstan,1994,250
Kazakhstan,1995,250
Kazakhstan,1996,250
Kazakhstan,1997,250
Kazakhstan,1998,250
Kazakhstan,1999,250
Kazakhstan,2000,250
Kazakhstan,2001,250
Kazakhstan,2002,250
Kazakhstan,2004,250
Kazakhstan,2005,250
Kazakhstan,2006,250
Kazakhstan,2007,250
Kazakhstan,2008,250
Kazakhstan,2009,250
Kazakhstan,2010,250
Kazakhstan,2011,250
Kazakhstan,2012,250
Kazakhstan,2013,250
Kenya,1992,630
Kenya,1993,630
Kenya,1994,630
Kenya,1995,630
Kenya,1996,630
Kenya,1997,630
Kenya,1998,630
Kenya,1999,630
Kenya,2000,630
Kenya,2001,630
Kenya,2002,630
Kenya,2004,630
Kenya,2005,630
Kenya,2006,630
Kenya,2007,630
Kenya,2008,630
Kenya,2009,630
Kenya,2010,630
Kenya,2011,630
Kenya,2012,630
Kenya,2013,630
Kiribati,1992,630
Kiribati,1993,630
Kiribati,1994,630
Kiribati,1995,630
Kiribati,1996,630
Kiribati,1997,630
Kiribati,1998,630
Kiribati,1999,630
Kiribati,2000,630
Kiribati,2001,630
Kiribati,2002,630
Kiribati,2004,630
Kiribati,2005,630
Kiribati,2006,630
Kiribati,2007,630
Kiribati,2008,630
Kiribati,2009,630
Kiribati,2010,630
Kiribati,2011,630
Kiribati,2012,630
Kiribati,2013,630
North Korea,1992,1054
North Korea,1993,1054
North Korea,1994,1054
North Korea,1995,1054
North Korea,1996,1054
North Korea,1997,1054
North Korea,1998,1054
North Korea,1999,1054
North Korea,2000,1054
North Korea,2001,1054
North Korea,2002,1054
North Korea,2004,1054
North Korea,2005,1054
North Korea,2006,1054
North Korea,2007,1054
North Korea,2008,1054
North Korea,2009,1054
North Korea,2010,1054
North Korea,2011,1054
North Korea,2012,1054
North Korea,2013,1054
South Korea ,1992,1274
South Korea ,1993,1274
South Korea ,1994,1274
South Korea ,1995,1274
South Korea ,1996,1274
South Korea ,1997,1274
South Korea ,1998,1274
South Korea ,1999,1274
South Korea ,2000,1274
South Korea ,2001,1274
South Korea ,2002,1274
South Korea ,2004,1274
South Korea ,2005,1274
South Korea ,2006,1274
South Korea ,2007,1274
South Korea ,2008,1274
South Korea ,2009,1274
South Korea ,2010,1274
South Korea ,2011,1274
South Korea ,2012,1274
South Korea ,2013,1274
Kuwait,1992,121
Kuwait,1993,121
Kuwait,1994,121
Kuwait,1995,121
Kuwait,1996,121
Kuwait,1997,121
Kuwait,1998,121
Kuwait,1999,121
Kuwait,2000,121
Kuwait,2001,121
Kuwait,2002,121
Kuwait,2004,121
Kuwait,2005,121
Kuwait,2006,121
Kuwait,2007,121
Kuwait,2008,121
Kuwait,2009,121
Kuwait,2010,121
Kuwait,2011,121
Kuwait,2012,121
Kuwait,2013,121
Kyrgyz Republic,1992,533
Kyrgyz Republic,1993,533
Kyrgyz Republic,1994,533
Kyrgyz Republic,1995,533
Kyrgyz Republic,1996,533
Kyrgyz Republic,1997,533
Kyrgyz Republic,1998,533
Kyrgyz Republic,1999,533
Kyrgyz Republic,2000,533
Kyrgyz Republic,2001,533
Kyrgyz Republic,2002,533
Kyrgyz Republic,2004,533
Kyrgyz Republic,2005,533
Kyrgyz Republic,2006,533
Kyrgyz Republic,2007,533
Kyrgyz Republic,2008,533
Kyrgyz Republic,2009,533
Kyrgyz Republic,2010,533
Kyrgyz Republic,2011,533
Kyrgyz Republic,2012,533
Kyrgyz Republic,2013,533
Lao PDR,1992,1834
Lao PDR,1993,1834
Lao PDR,1994,1834
Lao PDR,1995,1834
Lao PDR,1996,1834
Lao PDR,1997,1834
Lao PDR,1998,1834
Lao PDR,1999,1834
Lao PDR,2000,1834
Lao PDR,2001,1834
Lao PDR,2002,1834
Lao PDR,2004,1834
Lao PDR,2005,1834
Lao PDR,2006,1834
Lao PDR,2007,1834
Lao PDR,2008,1834
Lao PDR,2009,1834
Lao PDR,2010,1834
Lao PDR,2011,1834
Lao PDR,2012,1834
Lao PDR,2013,1834
Latvia,1992,641
Latvia,1993,641
Latvia,1994,641
Latvia,1995,641
Latvia,1996,641
Latvia,1997,641
Latvia,1998,641
Latvia,1999,641
Latvia,2000,641
Latvia,2001,641
Latvia,2002,641
Latvia,2004,641
Latvia,2005,641
Latvia,2006,641
Latvia,2007,641
Latvia,2008,641
Latvia,2009,641
Latvia,2010,641
Latvia,2011,641
Latvia,2012,641
Latvia,2013,641
Lebanon,1992,661
Lebanon,1993,661
Lebanon,1994,661
Lebanon,1995,661
Lebanon,1996,661
Lebanon,1997,661
Lebanon,1998,661
Lebanon,1999,661
Lebanon,2000,661
Lebanon,2001,661
Lebanon,2002,661
Lebanon,2004,661
Lebanon,2005,661
Lebanon,2006,661
Lebanon,2007,661
Lebanon,2008,661
Lebanon,2009,661
Lebanon,2010,661
Lebanon,2011,661
Lebanon,2012,661
Lebanon,2013,661
Lesotho,1992,788
Lesotho,1993,788
Lesotho,1994,788
Lesotho,1995,788
Lesotho,1996,788
Lesotho,1997,788
Lesotho,1998,788
Lesotho,1999,788
Lesotho,2000,788
Lesotho,2001,788
Lesotho,2002,788
Lesotho,2004,788
Lesotho,2005,788
Lesotho,2006,788
Lesotho,2007,788
Lesotho,2008,788
Lesotho,2009,788
Lesotho,2010,788
Lesotho,2011,788
Lesotho,2012,788
Lesotho,2013,788
Liberia,1992,2391
Liberia,1993,2391
Liberia,1994,2391
Liberia,1995,2391
Liberia,1996,2391
Liberia,1997,2391
Liberia,1998,2391
Liberia,1999,2391
Liberia,2000,2391
Liberia,2001,2391
Liberia,2002,2391
Liberia,2004,2391
Liberia,2005,2391
Liberia,2006,2391
Liberia,2007,2391
Liberia,2008,2391
Liberia,2009,2391
Liberia,2010,2391
Liberia,2011,2391
Liberia,2012,2391
Liberia,2013,2391
Libya,1992,56
Libya,1993,56
Libya,1994,56
Libya,1995,56
Libya,1996,56
Libya,1997,56
Libya,1998,56
Libya,1999,56
Libya,2000,56
Libya,2001,56
Libya,2002,56
Libya,2004,56
Libya,2005,56
Libya,2006,56
Libya,2007,56
Libya,2008,56
Libya,2009,56
Libya,2010,56
Libya,2011,56
Libya,2012,56
Libya,2013,56
Liechtenstein,1992,56
Liechtenstein,1993,56
Liechtenstein,1994,56
Liechtenstein,1995,56
Liechtenstein,1996,56
Liechtenstein,1997,56
Liechtenstein,1998,56
Liechtenstein,1999,56
Liechtenstein,2000,56
Liechtenstein,2001,56
Liechtenstein,2002,56
Liechtenstein,2004,56
Liechtenstein,2005,56
Liechtenstein,2006,56
Liechtenstein,2007,56
Liechtenstein,2008,56
Liechtenstein,2009,56
Liechtenstein,2010,56
Liechtenstein,2011,56
Liechtenstein,2012,56
Liechtenstein,2013,56
Lithuania,1992,656
Lithuania,1993,656
Lithuania,1994,656
Lithuania,1995,656
Lithuania,1996,656
Lithuania,1997,656
Lithuania,1998,656
Lithuania,1999,656
Lithuania,2000,656
Lithuania,2001,656
Lithuania,2002,656
Lithuania,2004,656
Lithuania,2005,656
Lithuania,2006,656
Lithuania,2007,656
Lithuania,2008,656
Lithuania,2009,656
Lithuania,2010,656
Lithuania,2011,656
Lithuania,2012,656
Lithuania,2013,656
Luxembourg,1992,934
Luxembourg,1993,934
Luxembourg,1994,934
Luxembourg,1995,934
Luxembourg,1996,934
Luxembourg,1997,934
Luxembourg,1998,934
Luxembourg,1999,934
Luxembourg,2000,934
Luxembourg,2001,934
Luxembourg,2002,934
Luxembourg,2004,934
Luxembourg,2005,934
Luxembourg,2006,934
Luxembourg,2007,934
Luxembourg,2008,934
Luxembourg,2009,934
Luxembourg,2010,934
Luxembourg,2011,934
Luxembourg,2012,934
Luxembourg,2013,934
Macedonia,1992,619
Macedonia,1993,619
Macedonia,1994,619
Macedonia,1995,619
Macedonia,1996,619
Macedonia,1997,619
Macedonia,1998,619
Macedonia,1999,619
Macedonia,2000,619
Macedonia,2001,619
Macedonia,2002,619
Macedonia,2004,619
Macedonia,2005,619
Macedonia,2006,619
Macedonia,2007,619
Macedonia,2008,619
Macedonia,2009,619
Macedonia,2010,619
Macedonia,2011,619
Macedonia,2012,619
Macedonia,2013,619
Madagascar,1992,1513
Madagascar,1993,1513
Madagascar,1994,1513
Madagascar,1995,1513
Madagascar,1996,1513
Madagascar,1997,1513
Madagascar,1998,1513
Madagascar,1999,1513
Madagascar,2000,1513
Madagascar,2001,1513
Madagascar,2002,1513
Madagascar,2004,1513
Madagascar,2005,1513
Madagascar,2006,1513
Madagascar,2007,1513
Madagascar,2008,1513
Madagascar,2009,1513
Madagascar,2010,1513
Madagascar,2011,1513
Madagascar,2012,1513
Madagascar,2013,1513
Malawi,1992,1181
Malawi,1993,1181
Malawi,1994,1181
Malawi,1995,1181
Malawi,1996,1181
Malawi,1997,1181
Malawi,1998,1181
Malawi,1999,1181
Malawi,2000,1181
Malawi,2001,1181
Malawi,2002,1181
Malawi,2004,1181
Malawi,2005,1181
Malawi,2006,1181
Malawi,2007,1181
Malawi,2008,1181
Malawi,2009,1181
Malawi,2010,1181
Malawi,2011,1181
Malawi,2012,1181
Malawi,2013,1181
Malaysia,1992,2875
Malaysia,1993,2875
Malaysia,1994,2875
Malaysia,1995,2875
Malaysia,1996,2875
Malaysia,1997,2875
Malaysia,1998,2875
Malaysia,1999,2875
Malaysia,2000,2875
Malaysia,2001,2875
Malaysia,2002,2875
Malaysia,2004,2875
Malaysia,2005,2875
Malaysia,2006,2875
Malaysia,2007,2875
Malaysia,2008,2875
Malaysia,2009,2875
Malaysia,2010,2875
Malaysia,2011,2875
Malaysia,2012,2875
Malaysia,2013,2875
Maldives,1992,1972
Maldives,1993,1972
Maldives,1994,1972
Maldives,1995,1972
Maldives,1996,1972
Maldives,1997,1972
Maldives,1998,1972
Maldives,1999,1972
Maldives,2000,1972
Maldives,2001,1972
Maldives,2002,1972
Maldives,2004,1972
Maldives,2005,1972
Maldives,2006,1972
Maldives,2007,1972
Maldives,2008,1972
Maldives,2009,1972
Maldives,2010,1972
Maldives,2011,1972
Maldives,2012,1972
Maldives,2013,1972
Mali,1992,282
Mali,1993,282
Mali,1994,282
Mali,1995,282
Mali,1996,282
Mali,1997,282
Mali,1998,282
Mali,1999,282
Mali,2000,282
Mali,2001,282
Mali,2002,282
Mali,2004,282
Mali,2005,282
Mali,2006,282
Mali,2007,282
Mali,2008,282
Mali,2009,282
Mali,2010,282
Mali,2011,282
Mali,2012,282
Mali,2013,282
Malta,1992,560
Malta,1993,560
Malta,1994,560
Malta,1995,560
Malta,1996,560
Malta,1997,560
Malta,1998,560
Malta,1999,560
Malta,2000,560
Malta,2001,560
Malta,2002,560
Malta,2004,560
Malta,2005,560
Malta,2006,560
Malta,2007,560
Malta,2008,560
Malta,2009,560
Malta,2010,560
Malta,2011,560
Malta,2012,560
Malta,2013,560
Marshall Islands,1992,560
Marshall Islands,1993,560
Marshall Islands,1994,560
Marshall Islands,1995,560
Marshall Islands,1996,560
Marshall Islands,1997,560
Marshall Islands,1998,560
Marshall Islands,1999,560
Marshall Islands,2000,560
Marshall Islands,2001,560
Marshall Islands,2002,560
Marshall Islands,2004,560
Marshall Islands,2005,560
Marshall Islands,2006,560
Marshall Islands,2007,560
Marshall Islands,2008,560
Marshall Islands,2009,560
Marshall Islands,2010,560
Marshall Islands,2011,560
Marshall Islands,2012,560
Marshall Islands,2013,560
Mauritania,1992,92
Mauritania,1993,92
Mauritania,1994,92
Mauritania,1995,92
Mauritania,1996,92
Mauritania,1997,92
Mauritania,1998,92
Mauritania,1999,92
Mauritania,2000,92
Mauritania,2001,92
Mauritania,2002,92
Mauritania,2004,92
Mauritania,2005,92
Mauritania,2006,92
Mauritania,2007,92
Mauritania,2008,92
Mauritania,2009,92
Mauritania,2010,92
Mauritania,2011,92
Mauritania,2012,92
Mauritania,2013,92
Mauritius,1992,2041
Mauritius,1993,2041
Mauritius,1994,2041
Mauritius,1995,2041
Mauritius,1996,2041
Mauritius,1997,2041
Mauritius,1998,2041
Mauritius,1999,2041
Mauritius,2000,2041
Mauritius,2001,2041
Mauritius,2002,2041
Mauritius,2004,2041
Mauritius,2005,2041
Mauritius,2006,2041
Mauritius,2007,2041
Mauritius,2008,2041
Mauritius,2009,2041
Mauritius,2010,2041
Mauritius,2011,2041
Mauritius,2012,2041
Mauritius,2013,2041
Mexico,1992,758
Mexico,1993,758
Mexico,1994,758
Mexico,1995,758
Mexico,1996,758
Mexico,1997,758
Mexico,1998,758
Mexico,1999,758
Mexico,2000,758
Mexico,2001,758
Mexico,2002,758
Mexico,2004,758
Mexico,2005,758
Mexico,2006,758
Mexico,2007,758
Mexico,2008,758
Mexico,2009,758
Mexico,2010,758
Mexico,2011,758
Mexico,2012,758
Mexico,2013,758
Micronesia,1992,758
Micronesia,1993,758
Micronesia,1994,758
Micronesia,1995,758
Micronesia,1996,758
Micronesia,1997,758
Micronesia,1998,758
Micronesia,1999,758
Micronesia,2000,758
Micronesia,2001,758
Micronesia,2002,758
Micronesia,2004,758
Micronesia,2005,758
Micronesia,2006,758
Micronesia,2007,758
Micronesia,2008,758
Micronesia,2009,758
Micronesia,2010,758
Micronesia,2011,758
Micronesia,2012,758
Micronesia,2013,758
Moldova,1992,450
Moldova,1993,450
Moldova,1994,450
Moldova,1995,450
Moldova,1996,450
Moldova,1997,450
Moldova,1998,450
Moldova,1999,450
Moldova,2000,450
Moldova,2001,450
Moldova,2002,450
Moldova,2004,450
Moldova,2005,450
Moldova,2006,450
Moldova,2007,450
Moldova,2008,450
Moldova,2009,450
Moldova,2010,450
Moldova,2011,450
Moldova,2012,450
Moldova,2013,450
Mongolia,1992,241
Mongolia,1993,241
Mongolia,1994,241
Mongolia,1995,241
Mongolia,1996,241
Mongolia,1997,241
Mongolia,1998,241
Mongolia,1999,241
Mongolia,2000,241
Mongolia,2001,241
Mongolia,2002,241
Mongolia,2004,241
Mongolia,2005,241
Mongolia,2006,241
Mongolia,2007,241
Mongolia,2008,241
Mongolia,2009,241
Mongolia,2010,241
Mongolia,2011,241
Mongolia,2012,241
Mongolia,2013,241
Montenegro,1992,241
Montenegro,1993,241
Montenegro,1994,241
Montenegro,1995,241
Montenegro,1996,241
Montenegro,1997,241
Montenegro,1998,241
Montenegro,1999,241
Montenegro,2000,241
Montenegro,2001,241
Montenegro,2002,241
Montenegro,2004,241
Montenegro,2005,241
Montenegro,2006,241
Montenegro,2007,241
Montenegro,2008,241
Montenegro,2009,241
Montenegro,2010,241
Montenegro,2011,241
Montenegro,2012,241
Montenegro,2013,241
Morocco,1992,346
Morocco,1993,346
Morocco,1994,346
Morocco,1995,346
Morocco,1996,346
Morocco,1997,346
Morocco,1998,346
Morocco,1999,346
Morocco,2000,346
Morocco,2001,346
Morocco,2002,346
Morocco,2004,346
Morocco,2005,346
Morocco,2006,346
Morocco,2007,346
Morocco,2008,346
Morocco,2009,346
Morocco,2010,346
Morocco,2011,346
Morocco,2012,346
Morocco,2013,346
Mozambique,1992,1032
Mozambique,1993,1032
Mozambique,1994,1032
Mozambique,1995,1032
Mozambique,1996,1032
Mozambique,1997,1032
Mozambique,1998,1032
Mozambique,1999,1032
Mozambique,2000,1032
Mozambique,2001,1032
Mozambique,2002,1032
Mozambique,2004,1032
Mozambique,2005,1032
Mozambique,2006,1032
Mozambique,2007,1032
Mozambique,2008,1032
Mozambique,2009,1032
Mozambique,2010,1032
Mozambique,2011,1032
Mozambique,2012,1032
Mozambique,2013,1032
Myanmar,1992,2091
Myanmar,1993,2091
Myanmar,1994,2091
Myanmar,1995,2091
Myanmar,1996,2091
Myanmar,1997,2091
Myanmar,1998,2091
Myanmar,1999,2091
Myanmar,2000,2091
Myanmar,2001,2091
Myanmar,2002,2091
Myanmar,2004,2091
Myanmar,2005,2091
Myanmar,2006,2091
Myanmar,2007,2091
Myanmar,2008,2091
Myanmar,2009,2091
Myanmar,2010,2091
Myanmar,2011,2091
Myanmar,2012,2091
Myanmar,2013,2091
Namibia,1992,285
Namibia,1993,285
Namibia,1994,285
Namibia,1995,285
Namibia,1996,285
Namibia,1997,285
Namibia,1998,285
Namibia,1999,285
Namibia,2000,285
Namibia,2001,285
Namibia,2002,285
Namibia,2004,285
Namibia,2005,285
Namibia,2006,285
Namibia,2007,285
Namibia,2008,285
Namibia,2009,285
Namibia,2010,285
Namibia,2011,285
Namibia,2012,285
Namibia,2013,285
Nauru,1992,285
Nauru,1993,285
Nauru,1994,285
Nauru,1995,285
Nauru,1996,285
Nauru,1997,285
Nauru,1998,285
Nauru,1999,285
Nauru,2000,285
Nauru,2001,285
Nauru,2002,285
Nauru,2004,285
Nauru,2005,285
Nauru,2006,285
Nauru,2007,285
Nauru,2008,285
Nauru,2009,285
Nauru,2010,285
Nauru,2011,285
Nauru,2012,285
Nauru,2013,285
Nepal,1992,1500
Nepal,1993,1500
Nepal,1994,1500
Nepal,1995,1500
Nepal,1996,1500
Nepal,1997,1500
Nepal,1998,1500
Nepal,1999,1500
Nepal,2000,1500
Nepal,2001,1500
Nepal,2002,1500
Nepal,2004,1500
Nepal,2005,1500
Nepal,2006,1500
Nepal,2007,1500
Nepal,2008,1500
Nepal,2009,1500
Nepal,2010,1500
Nepal,2011,1500
Nepal,2012,1500
Nepal,2013,1500
Netherlands,1992,778
Netherlands,1993,778
Netherlands,1994,778
Netherlands,1995,778
Netherlands,1996,778
Netherlands,1997,778
Netherlands,1998,778
Netherlands,1999,778
Netherlands,2000,778
Netherlands,2001,778
Netherlands,2002,778
Netherlands,2004,778
Netherlands,2005,778
Netherlands,2006,778
Netherlands,2007,778
Netherlands,2008,778
Netherlands,2009,778
Netherlands,2010,778
Netherlands,2011,778
Netherlands,2012,778
Netherlands,2013,778
New Zealand,1992,1732
New Zealand,1993,1732
New Zealand,1994,1732
New Zealand,1995,1732
New Zealand,1996,1732
New Zealand,1997,1732
New Zealand,1998,1732
New Zealand,1999,1732
New Zealand,2000,1732
New Zealand,2001,1732
New Zealand,2002,1732
New Zealand,2004,1732
New Zealand,2005,1732
New Zealand,2006,1732
New Zealand,2007,1732
New Zealand,2008,1732
New Zealand,2009,1732
New Zealand,2010,1732
New Zealand,2011,1732
New Zealand,2012,1732
New Zealand,2013,1732
Nicaragua,1992,2280
Nicaragua,1993,2280
Nicaragua,1994,2280
Nicaragua,1995,2280
Nicaragua,1996,2280
Nicaragua,1997,2280
Nicaragua,1998,2280
Nicaragua,1999,2280
Nicaragua,2000,2280
Nicaragua,2001,2280
Nicaragua,2002,2280
Nicaragua,2004,2280
Nicaragua,2005,2280
Nicaragua,2006,2280
Nicaragua,2007,2280
Nicaragua,2008,2280
Nicaragua,2009,2280
Nicaragua,2010,2280
Nicaragua,2011,2280
Nicaragua,2012,2280
Nicaragua,2013,2280
Niger,1992,151
Niger,1993,151
Niger,1994,151
Niger,1995,151
Niger,1996,151
Niger,1997,151
Niger,1998,151
Niger,1999,151
Niger,2000,151
Niger,2001,151
Niger,2002,151
Niger,2004,151
Niger,2005,151
Niger,2006,151
Niger,2007,151
Niger,2008,151
Niger,2009,151
Niger,2010,151
Niger,2011,151
Niger,2012,151
Niger,2013,151
Nigeria,1992,1150
Nigeria,1993,1150
Nigeria,1994,1150
Nigeria,1995,1150
Nigeria,1996,1150
Nigeria,1997,1150
Nigeria,1998,1150
Nigeria,1999,1150
Nigeria,2000,1150
Nigeria,2001,1150
Nigeria,2002,1150
Nigeria,2004,1150
Nigeria,2005,1150
Nigeria,2006,1150
Nigeria,2007,1150
Nigeria,2008,1150
Nigeria,2009,1150
Nigeria,2010,1150
Nigeria,2011,1150
Nigeria,2012,1150
Nigeria,2013,1150
Norway,1992,1414
Norway,1993,1414
Norway,1994,1414
Norway,1995,1414
Norway,1996,1414
Norway,1997,1414
Norway,1998,1414
Norway,1999,1414
Norway,2000,1414
Norway,2001,1414
Norway,2002,1414
Norway,2004,1414
Norway,2005,1414
Norway,2006,1414
Norway,2007,1414
Norway,2008,1414
Norway,2009,1414
Norway,2010,1414
Norway,2011,1414
Norway,2012,1414
Norway,2013,1414
Oman,1992,125
Oman,1993,125
Oman,1994,125
Oman,1995,125
Oman,1996,125
Oman,1997,125
Oman,1998,125
Oman,1999,125
Oman,2000,125
Oman,2001,125
Oman,2002,125
Oman,2004,125
Oman,2005,125
Oman,2006,125
Oman,2007,125
Oman,2008,125
Oman,2009,125
Oman,2010,125
Oman,2011,125
Oman,2012,125
Oman,2013,125
Pakistan,1992,494
Pakistan,1993,494
Pakistan,1994,494
Pakistan,1995,494
Pakistan,1996,494
Pakistan,1997,494
Pakistan,1998,494
Pakistan,1999,494
Pakistan,2000,494
Pakistan,2001,494
Pakistan,2002,494
Pakistan,2004,494
Pakistan,2005,494
Pakistan,2006,494
Pakistan,2007,494
Pakistan,2008,494
Pakistan,2009,494
Pakistan,2010,494
Pakistan,2011,494
Pakistan,2012,494
Pakistan,2013,494
Palau,1992,494
Palau,1993,494
Palau,1994,494
Palau,1995,494
Palau,1996,494
Palau,1997,494
Palau,1998,494
Palau,1999,494
Palau,2000,494
Palau,2001,494
Palau,2002,494
Palau,2004,494
Palau,2005,494
Palau,2006,494
Palau,2007,494
Palau,2008,494
Palau,2009,494
Palau,2010,494
Palau,2011,494
Palau,2012,494
Palau,2013,494
Panama,1992,2928
Panama,1993,2928
Panama,1994,2928
Panama,1995,2928
Panama,1996,2928
Panama,1997,2928
Panama,1998,2928
Panama,1999,2928
Panama,2000,2928
Panama,2001,2928
Panama,2002,2928
Panama,2004,2928
Panama,2005,2928
Panama,2006,2928
Panama,2007,2928
Panama,2008,2928
Panama,2009,2928
Panama,2010,2928
Panama,2011,2928
Panama,2012,2928
Panama,2013,2928
Papua New Guinea,1992,3142
Papua New Guinea,1993,3142
Papua New Guinea,1994,3142
Papua New Guinea,1995,3142
Papua New Guinea,1996,3142
Papua New Guinea,1997,3142
Papua New Guinea,1998,3142
Papua New Guinea,1999,3142
Papua New Guinea,2000,3142
Papua New Guinea,2001,3142
Papua New Guinea,2002,3142
Papua New Guinea,2004,3142
Papua New Guinea,2005,3142
Papua New Guinea,2006,3142
Papua New Guinea,2007,3142
Papua New Guinea,2008,3142
Papua New Guinea,2009,3142
Papua New Guinea,2010,3142
Papua New Guinea,2011,3142
Papua New Guinea,2012,3142
Papua New Guinea,2013,3142
Paraguay,1992,1130
Paraguay,1993,1130
Paraguay,1994,1130
Paraguay,1995,1130
Paraguay,1996,1130
Paraguay,1997,1130
Paraguay,1998,1130
Paraguay,1999,1130
Paraguay,2000,1130
Paraguay,2001,1130
Paraguay,2002,1130
Paraguay,2004,1130
Paraguay,2005,1130
Paraguay,2006,1130
Paraguay,2007,1130
Paraguay,2008,1130
Paraguay,2009,1130
Paraguay,2010,1130
Paraguay,2011,1130
Paraguay,2012,1130
Paraguay,2013,1130
Peru,1992,1738
Peru,1993,1738
Peru,1994,1738
Peru,1995,1738
Peru,1996,1738
Peru,1997,1738
Peru,1998,1738
Peru,1999,1738
Peru,2000,1738
Peru,2001,1738
Peru,2002,1738
Peru,2004,1738
Peru,2005,1738
Peru,2006,1738
Peru,2007,1738
Peru,2008,1738
Peru,2009,1738
Peru,2010,1738
Peru,2011,1738
Peru,2012,1738
Peru,2013,1738
Philippines,1992,2348
Philippines,1993,2348
Philippines,1994,2348
Philippines,1995,2348
Philippines,1996,2348
Philippines,1997,2348
Philippines,1998,2348
Philippines,1999,2348
Philippines,2000,2348
Philippines,2001,2348
Philippines,2002,2348
Philippines,2004,2348
Philippines,2005,2348
Philippines,2006,2348
Philippines,2007,2348
Philippines,2008,2348
Philippines,2009,2348
Philippines,2010,2348
Philippines,2011,2348
Philippines,2012,2348
Philippines,2013,2348
Poland,1992,600
Poland,1993,600
Poland,1994,600
Poland,1995,600
Poland,1996,600
Poland,1997,600
Poland,1998,600
Poland,1999,600
Poland,2000,600
Poland,2001,600
Poland,2002,600
Poland,2004,600
Poland,2005,600
Poland,2006,600
Poland,2007,600
Poland,2008,600
Poland,2009,600
Poland,2010,600
Poland,2011,600
Poland,2012,600
Poland,2013,600
Portugal,1992,854
Portugal,1993,854
Portugal,1994,854
Portugal,1995,854
Portugal,1996,854
Portugal,1997,854
Portugal,1998,854
Portugal,1999,854
Portugal,2000,854
Portugal,2001,854
Portugal,2002,854
Portugal,2004,854
Portugal,2005,854
Portugal,2006,854
Portugal,2007,854
Portugal,2008,854
Portugal,2009,854
Portugal,2010,854
Portugal,2011,854
Portugal,2012,854
Portugal,2013,854
Puerto Rico,1992,2054
Puerto Rico,1993,2054
Puerto Rico,1994,2054
Puerto Rico,1995,2054
Puerto Rico,1996,2054
Puerto Rico,1997,2054
Puerto Rico,1998,2054
Puerto Rico,1999,2054
Puerto Rico,2000,2054
Puerto Rico,2001,2054
Puerto Rico,2002,2054
Puerto Rico,2004,2054
Puerto Rico,2005,2054
Puerto Rico,2006,2054
Puerto Rico,2007,2054
Puerto Rico,2008,2054
Puerto Rico,2009,2054
Puerto Rico,2010,2054
Puerto Rico,2011,2054
Puerto Rico,2012,2054
Puerto Rico,2013,2054
Qatar,1992,74
Qatar,1993,74
Qatar,1994,74
Qatar,1995,74
Qatar,1996,74
Qatar,1997,74
Qatar,1998,74
Qatar,1999,74
Qatar,2000,74
Qatar,2001,74
Qatar,2002,74
Qatar,2004,74
Qatar,2005,74
Qatar,2006,74
Qatar,2007,74
Qatar,2008,74
Qatar,2009,74
Qatar,2010,74
Qatar,2011,74
Qatar,2012,74
Qatar,2013,74
Romania,1992,637
Romania,1993,637
Romania,1994,637
Romania,1995,637
Romania,1996,637
Romania,1997,637
Romania,1998,637
Romania,1999,637
Romania,2000,637
Romania,2001,637
Romania,2002,637
Romania,2004,637
Romania,2005,637
Romania,2006,637
Romania,2007,637
Romania,2008,637
Romania,2009,637
Romania,2010,637
Romania,2011,637
Romania,2012,637
Romania,2013,637
Russia,1992,460
Russia,1993,460
Russia,1994,460
Russia,1995,460
Russia,1996,460
Russia,1997,460
Russia,1998,460
Russia,1999,460
Russia,2000,460
Russia,2001,460
Russia,2002,460
Russia,2004,460
Russia,2005,460
Russia,2006,460
Russia,2007,460
Russia,2008,460
Russia,2009,460
Russia,2010,460
Russia,2011,460
Russia,2012,460
Russia,2013,460
Rwanda,1992,1212
Rwanda,1993,1212
Rwanda,1994,1212
Rwanda,1995,1212
Rwanda,1996,1212
Rwanda,1997,1212
Rwanda,1998,1212
Rwanda,1999,1212
Rwanda,2000,1212
Rwanda,2001,1212
Rwanda,2002,1212
Rwanda,2004,1212
Rwanda,2005,1212
Rwanda,2006,1212
Rwanda,2007,1212
Rwanda,2008,1212
Rwanda,2009,1212
Rwanda,2010,1212
Rwanda,2011,1212
Rwanda,2012,1212
Rwanda,2013,1212
Samoa,1992,1583
Samoa,1993,1583
Samoa,1994,1583
Samoa,1995,1583
Samoa,1996,1583
Samoa,1997,1583
Samoa,1998,1583
Samoa,1999,1583
Samoa,2000,1583
Samoa,2001,1583
Samoa,2002,1583
Samoa,2004,1583
Samoa,2005,1583
Samoa,2006,1583
Samoa,2007,1583
Samoa,2008,1583
Samoa,2009,1583
Samoa,2010,1583
Samoa,2011,1583
Samoa,2012,1583
Samoa,2013,1583
Sao Tome and Principe,1992,3200
Sao Tome and Principe,1993,3200
Sao Tome and Principe,1994,3200
Sao Tome and Principe,1995,3200
Sao Tome and Principe,1996,3200
Sao Tome and Principe,1997,3200
Sao Tome and Principe,1998,3200
Sao Tome and Principe,1999,3200
Sao Tome and Principe,2000,3200
Sao Tome and Principe,2001,3200
Sao Tome and Principe,2002,3200
Sao Tome and Principe,2004,3200
Sao Tome and Principe,2005,3200
Sao Tome and Principe,2006,3200
Sao Tome and Principe,2007,3200
Sao Tome and Principe,2008,3200
Sao Tome and Principe,2009,3200
Sao Tome and Principe,2010,3200
Sao Tome and Principe,2011,3200
Sao Tome and Principe,2012,3200
Sao Tome and Principe,2013,3200
Saudi Arabia,1992,59
Saudi Arabia,1993,59
Saudi Arabia,1994,59
Saudi Arabia,1995,59
Saudi Arabia,1996,59
Saudi Arabia,1997,59
Saudi Arabia,1998,59
Saudi Arabia,1999,59
Saudi Arabia,2000,59
Saudi Arabia,2001,59
Saudi Arabia,2002,59
Saudi Arabia,2004,59
Saudi Arabia,2005,59
Saudi Arabia,2006,59
Saudi Arabia,2007,59
Saudi Arabia,2008,59
Saudi Arabia,2009,59
Saudi Arabia,2010,59
Saudi Arabia,2011,59
Saudi Arabia,2012,59
Saudi Arabia,2013,59
Senegal,1992,686
Senegal,1993,686
Senegal,1994,686
Senegal,1995,686
Senegal,1996,686
Senegal,1997,686
Senegal,1998,686
Senegal,1999,686
Senegal,2000,686
Senegal,2001,686
Senegal,2002,686
Senegal,2004,686
Senegal,2005,686
Senegal,2006,686
Senegal,2007,686
Senegal,2008,686
Senegal,2009,686
Senegal,2010,686
Senegal,2011,686
Senegal,2012,686
Senegal,2013,686
Serbia,1992,686
Serbia,1993,686
Serbia,1994,686
Serbia,1995,686
Serbia,1996,686
Serbia,1997,686
Serbia,1998,686
Serbia,1999,686
Serbia,2000,686
Serbia,2001,686
Serbia,2002,686
Serbia,2004,686
Serbia,2005,686
Serbia,2006,686
Serbia,2007,686
Serbia,2008,686
Serbia,2009,686
Serbia,2010,686
Serbia,2011,686
Serbia,2012,686
Serbia,2013,686
Seychelles,1992,2330
Seychelles,1993,2330
Seychelles,1994,2330
Seychelles,1995,2330
Seychelles,1996,2330
Seychelles,1997,2330
Seychelles,1998,2330
Seychelles,1999,2330
Seychelles,2000,2330
Seychelles,2001,2330
Seychelles,2002,2330
Seychelles,2004,2330
Seychelles,2005,2330
Seychelles,2006,2330
Seychelles,2007,2330
Seychelles,2008,2330
Seychelles,2009,2330
Seychelles,2010,2330
Seychelles,2011,2330
Seychelles,2012,2330
Seychelles,2013,2330
Sierra Leone,1992,2526
Sierra Leone,1993,2526
Sierra Leone,1994,2526
Sierra Leone,1995,2526
Sierra Leone,1996,2526
Sierra Leone,1997,2526
Sierra Leone,1998,2526
Sierra Leone,1999,2526
Sierra Leone,2000,2526
Sierra Leone,2001,2526
Sierra Leone,2002,2526
Sierra Leone,2004,2526
Sierra Leone,2005,2526
Sierra Leone,2006,2526
Sierra Leone,2007,2526
Sierra Leone,2008,2526
Sierra Leone,2009,2526
Sierra Leone,2010,2526
Sierra Leone,2011,2526
Sierra Leone,2012,2526
Sierra Leone,2013,2526
Singapore,1992,2497
Singapore,1993,2497
Singapore,1994,2497
Singapore,1995,2497
Singapore,1996,2497
Singapore,1997,2497
Singapore,1998,2497
Singapore,1999,2497
Singapore,2000,2497
Singapore,2001,2497
Singapore,2002,2497
Singapore,2004,2497
Singapore,2005,2497
Singapore,2006,2497
Singapore,2007,2497
Singapore,2008,2497
Singapore,2009,2497
Singapore,2010,2497
Singapore,2011,2497
Singapore,2012,2497
Singapore,2013,2497
Slovak Republic,1992,824
Slovak Republic,1993,824
Slovak Republic,1994,824
Slovak Republic,1995,824
Slovak Republic,1996,824
Slovak Republic,1997,824
Slovak Republic,1998,824
Slovak Republic,1999,824
Slovak Republic,2000,824
Slovak Republic,2001,824
Slovak Republic,2002,824
Slovak Republic,2004,824
Slovak Republic,2005,824
Slovak Republic,2006,824
Slovak Republic,2007,824
Slovak Republic,2008,824
Slovak Republic,2009,824
Slovak Republic,2010,824
Slovak Republic,2011,824
Slovak Republic,2012,824
Slovak Republic,2013,824
Slovenia,1992,1162
Slovenia,1993,1162
Slovenia,1994,1162
Slovenia,1995,1162
Slovenia,1996,1162
Slovenia,1997,1162
Slovenia,1998,1162
Slovenia,1999,1162
Slovenia,2000,1162
Slovenia,2001,1162
Slovenia,2002,1162
Slovenia,2004,1162
Slovenia,2005,1162
Slovenia,2006,1162
Slovenia,2007,1162
Slovenia,2008,1162
Slovenia,2009,1162
Slovenia,2010,1162
Slovenia,2011,1162
Slovenia,2012,1162
Slovenia,2013,1162
Solomon Islands,1992,3028
Solomon Islands,1993,3028
Solomon Islands,1994,3028
Solomon Islands,1995,3028
Solomon Islands,1996,3028
Solomon Islands,1997,3028
Solomon Islands,1998,3028
Solomon Islands,1999,3028
Solomon Islands,2000,3028
Solomon Islands,2001,3028
Solomon Islands,2002,3028
Solomon Islands,2004,3028
Solomon Islands,2005,3028
Solomon Islands,2006,3028
Solomon Islands,2007,3028
Solomon Islands,2008,3028
Solomon Islands,2009,3028
Solomon Islands,2010,3028
Solomon Islands,2011,3028
Solomon Islands,2012,3028
Solomon Islands,2013,3028
Somalia,1992,282
Somalia,1993,282
Somalia,1994,282
Somalia,1995,282
Somalia,1996,282
Somalia,1997,282
Somalia,1998,282
Somalia,1999,282
Somalia,2000,282
Somalia,2001,282
Somalia,2002,282
Somalia,2004,282
Somalia,2005,282
Somalia,2006,282
Somalia,2007,282
Somalia,2008,282
Somalia,2009,282
Somalia,2010,282
Somalia,2011,282
Somalia,2012,282
Somalia,2013,282
South Africa,1992,495
South Africa,1993,495
South Africa,1994,495
South Africa,1995,495
South Africa,1996,495
South Africa,1997,495
South Africa,1998,495
South Africa,1999,495
South Africa,2000,495
South Africa,2001,495
South Africa,2002,495
South Africa,2004,495
South Africa,2005,495
South Africa,2006,495
South Africa,2007,495
South Africa,2008,495
South Africa,2009,495
South Africa,2010,495
South Africa,2011,495
South Africa,2012,495
South Africa,2013,495
South Sudan,1992,495
South Sudan,1993,495
South Sudan,1994,495
South Sudan,1995,495
South Sudan,1996,495
South Sudan,1997,495
South Sudan,1998,495
South Sudan,1999,495
South Sudan,2000,495
South Sudan,2001,495
South Sudan,2002,495
South Sudan,2004,495
South Sudan,2005,495
South Sudan,2006,495
South Sudan,2007,495
South Sudan,2008,495
South Sudan,2009,495
South Sudan,2010,495
South Sudan,2011,495
South Sudan,2012,495
South Sudan,2013,495
Spain,1992,636
Spain,1993,636
Spain,1994,636
Spain,1995,636
Spain,1996,636
Spain,1997,636
Spain,1998,636
Spain,1999,636
Spain,2000,636
Spain,2001,636
Spain,2002,636
Spain,2004,636
Spain,2005,636
Spain,2006,636
Spain,2007,636
Spain,2008,636
Spain,2009,636
Spain,2010,636
Spain,2011,636
Spain,2012,636
Spain,2013,636
Sri Lanka,1992,1712
Sri Lanka,1993,1712
Sri Lanka,1994,1712
Sri Lanka,1995,1712
Sri Lanka,1996,1712
Sri Lanka,1997,1712
Sri Lanka,1998,1712
Sri Lanka,1999,1712
Sri Lanka,2000,1712
Sri Lanka,2001,1712
Sri Lanka,2002,1712
Sri Lanka,2004,1712
Sri Lanka,2005,1712
Sri Lanka,2006,1712
Sri Lanka,2007,1712
Sri Lanka,2008,1712
Sri Lanka,2009,1712
Sri Lanka,2010,1712
Sri Lanka,2011,1712
Sri Lanka,2012,1712
Sri Lanka,2013,1712
St. Kitts and Nevis,1992,1427
St. Kitts and Nevis,1993,1427
St. Kitts and Nevis,1994,1427
St. Kitts and Nevis,1995,1427
St. Kitts and Nevis,1996,1427
St. Kitts and Nevis,1997,1427
St. Kitts and Nevis,1998,1427
St. Kitts and Nevis,1999,1427
St. Kitts and Nevis,2000,1427
St. Kitts and Nevis,2001,1427
St. Kitts and Nevis,2002,1427
St. Kitts and Nevis,2004,1427
St. Kitts and Nevis,2005,1427
St. Kitts and Nevis,2006,1427
St. Kitts and Nevis,2007,1427
St. Kitts and Nevis,2008,1427
St. Kitts and Nevis,2009,1427
St. Kitts and Nevis,2010,1427
St. Kitts and Nevis,2011,1427
St. Kitts and Nevis,2012,1427
St. Kitts and Nevis,2013,1427
St. Lucia,1992,2301
St. Lucia,1993,2301
St. Lucia,1994,2301
St. Lucia,1995,2301
St. Lucia,1996,2301
St. Lucia,1997,2301
St. Lucia,1998,2301
St. Lucia,1999,2301
St. Lucia,2000,2301
St. Lucia,2001,2301
St. Lucia,2002,2301
St. Lucia,2004,2301
St. Lucia,2005,2301
St. Lucia,2006,2301
St. Lucia,2007,2301
St. Lucia,2008,2301
St. Lucia,2009,2301
St. Lucia,2010,2301
St. Lucia,2011,2301
St. Lucia,2012,2301
St. Lucia,2013,2301
St. Vincent and the Grenadines,1992,1583
St. Vincent and the Grenadines,1993,1583
St. Vincent and the Grenadines,1994,1583
St. Vincent and the Grenadines,1995,1583
St. Vincent and the Grenadines,1996,1583
St. Vincent and the Grenadines,1997,1583
St. Vincent and the Grenadines,1998,1583
St. Vincent and the Grenadines,1999,1583
St. Vincent and the Grenadines,2000,1583
St. Vincent and the Grenadines,2001,1583
St. Vincent and the Grenadines,2002,1583
St. Vincent and the Grenadines,2004,1583
St. Vincent and the Grenadines,2005,1583
St. Vincent and the Grenadines,2006,1583
St. Vincent and the Grenadines,2007,1583
St. Vincent and the Grenadines,2008,1583
St. Vincent and the Grenadines,2009,1583
St. Vincent and the Grenadines,2010,1583
St. Vincent and the Grenadines,2011,1583
St. Vincent and the Grenadines,2012,1583
St. Vincent and the Grenadines,2013,1583
Sudan,1992,1712
Sudan,1993,1712
Sudan,1994,1712
Sudan,1995,1712
Sudan,1996,1712
Sudan,1997,1712
Sudan,1998,1712
Sudan,1999,1712
Sudan,2000,1712
Sudan,2001,1712
Sudan,2002,1712
Sudan,2004,1712
Sudan,2005,1712
Sudan,2006,1712
Sudan,2007,1712
Sudan,2008,1712
Sudan,2009,1712
Sudan,2010,1712
Sudan,2011,1712
Sudan,2012,1712
Sudan,2013,1712
Suriname,1992,2331
Suriname,1993,2331
Suriname,1994,2331
Suriname,1995,2331
Suriname,1996,2331
Suriname,1997,2331
Suriname,1998,2331
Suriname,1999,2331
Suriname,2000,2331
Suriname,2001,2331
Suriname,2002,2331
Suriname,2004,2331
Suriname,2005,2331
Suriname,2006,2331
Suriname,2007,2331
Suriname,2008,2331
Suriname,2009,2331
Suriname,2010,2331
Suriname,2011,2331
Suriname,2012,2331
Suriname,2013,2331
Sweden,1992,624
Sweden,1993,624
Sweden,1994,624
Sweden,1995,624
Sweden,1996,624
Sweden,1997,624
Sweden,1998,624
Sweden,1999,624
Sweden,2000,624
Sweden,2001,624
Sweden,2002,624
Sweden,2004,624
Sweden,2005,624
Sweden,2006,624
Sweden,2007,624
Sweden,2008,624
Sweden,2009,624
Sweden,2010,624
Sweden,2011,624
Sweden,2012,624
Sweden,2013,624
Switzerland,1992,1537
Switzerland,1993,1537
Switzerland,1994,1537
Switzerland,1995,1537
Switzerland,1996,1537
Switzerland,1997,1537
Switzerland,1998,1537
Switzerland,1999,1537
Switzerland,2000,1537
Switzerland,2001,1537
Switzerland,2002,1537
Switzerland,2004,1537
Switzerland,2005,1537
Switzerland,2006,1537
Switzerland,2007,1537
Switzerland,2008,1537
Switzerland,2009,1537
Switzerland,2010,1537
Switzerland,2011,1537
Switzerland,2012,1537
Switzerland,2013,1537
Syria,1992,252
Syria,1993,252
Syria,1994,252
Syria,1995,252
Syria,1996,252
Syria,1997,252
Syria,1998,252
Syria,1999,252
Syria,2000,252
Syria,2001,252
Syria,2002,252
Syria,2004,252
Syria,2005,252
Syria,2006,252
Syria,2007,252
Syria,2008,252
Syria,2009,252
Syria,2010,252
Syria,2011,252
Syria,2012,252
Syria,2013,252
Tajikistan,1992,691
Tajikistan,1993,691
Tajikistan,1994,691
Tajikistan,1995,691
Tajikistan,1996,691
Tajikistan,1997,691
Tajikistan,1998,691
Tajikistan,1999,691
Tajikistan,2000,691
Tajikistan,2001,691
Tajikistan,2002,691
Tajikistan,2004,691
Tajikistan,2005,691
Tajikistan,2006,691
Tajikistan,2007,691
Tajikistan,2008,691
Tajikistan,2009,691
Tajikistan,2010,691
Tajikistan,2011,691
Tajikistan,2012,691
Tajikistan,2013,691
Tanzania,1992,1071
Tanzania,1993,1071
Tanzania,1994,1071
Tanzania,1995,1071
Tanzania,1996,1071
Tanzania,1997,1071
Tanzania,1998,1071
Tanzania,1999,1071
Tanzania,2000,1071
Tanzania,2001,1071
Tanzania,2002,1071
Tanzania,2004,1071
Tanzania,2005,1071
Tanzania,2006,1071
Tanzania,2007,1071
Tanzania,2008,1071
Tanzania,2009,1071
Tanzania,2010,1071
Tanzania,2011,1071
Tanzania,2012,1071
Tanzania,2013,1071
Thailand,1992,1622
Thailand,1993,1622
Thailand,1994,1622
Thailand,1995,1622
Thailand,1996,1622
Thailand,1997,1622
Thailand,1998,1622
Thailand,1999,1622
Thailand,2000,1622
Thailand,2001,1622
Thailand,2002,1622
Thailand,2004,1622
Thailand,2005,1622
Thailand,2006,1622
Thailand,2007,1622
Thailand,2008,1622
Thailand,2009,1622
Thailand,2010,1622
Thailand,2011,1622
Thailand,2012,1622
Thailand,2013,1622
Timor-Leste,1992,1500
Timor-Leste,1993,1500
Timor-Leste,1994,1500
Timor-Leste,1995,1500
Timor-Leste,1996,1500
Timor-Leste,1997,1500
Timor-Leste,1998,1500
Timor-Leste,1999,1500
Timor-Leste,2000,1500
Timor-Leste,2001,1500
Timor-Leste,2002,1500
Timor-Leste,2004,1500
Timor-Leste,2005,1500
Timor-Leste,2006,1500
Timor-Leste,2007,1500
Timor-Leste,2008,1500
Timor-Leste,2009,1500
Timor-Leste,2010,1500
Timor-Leste,2011,1500
Timor-Leste,2012,1500
Timor-Leste,2013,1500
Togo,1992,1168
Togo,1993,1168
Togo,1994,1168
Togo,1995,1168
Togo,1996,1168
Togo,1997,1168
Togo,1998,1168
Togo,1999,1168
Togo,2000,1168
Togo,2001,1168
Togo,2002,1168
Togo,2004,1168
Togo,2005,1168
Togo,2006,1168
Togo,2007,1168
Togo,2008,1168
Togo,2009,1168
Togo,2010,1168
Togo,2011,1168
Togo,2012,1168
Togo,2013,1168
Trinidad and Tobago,1992,2200
Trinidad and Tobago,1993,2200
Trinidad and Tobago,1994,2200
Trinidad and Tobago,1995,2200
Trinidad and Tobago,1996,2200
Trinidad and Tobago,1997,2200
Trinidad and Tobago,1998,2200
Trinidad and Tobago,1999,2200
Trinidad and Tobago,2000,2200
Trinidad and Tobago,2001,2200
Trinidad and Tobago,2002,2200
Trinidad and Tobago,2004,2200
Trinidad and Tobago,2005,2200
Trinidad and Tobago,2006,2200
Trinidad and Tobago,2007,2200
Trinidad and Tobago,2008,2200
Trinidad and Tobago,2009,2200
Trinidad and Tobago,2010,2200
Trinidad and Tobago,2011,2200
Trinidad and Tobago,2012,2200
Trinidad and Tobago,2013,2200
Tunisia,1992,207
Tunisia,1993,207
Tunisia,1994,207
Tunisia,1995,207
Tunisia,1996,207
Tunisia,1997,207
Tunisia,1998,207
Tunisia,1999,207
Tunisia,2000,207
Tunisia,2001,207
Tunisia,2002,207
Tunisia,2004,207
Tunisia,2005,207
Tunisia,2006,207
Tunisia,2007,207
Tunisia,2008,207
Tunisia,2009,207
Tunisia,2010,207
Tunisia,2011,207
Tunisia,2012,207
Tunisia,2013,207
Turkey,1992,593
Turkey,1993,593
Turkey,1994,593
Turkey,1995,593
Turkey,1996,593
Turkey,1997,593
Turkey,1998,593
Turkey,1999,593
Turkey,2000,593
Turkey,2001,593
Turkey,2002,593
Turkey,2004,593
Turkey,2005,593
Turkey,2006,593
Turkey,2007,593
Turkey,2008,593
Turkey,2009,593
Turkey,2010,593
Turkey,2011,593
Turkey,2012,593
Turkey,2013,593
Turkmenistan,1992,161
Turkmenistan,1993,161
Turkmenistan,1994,161
Turkmenistan,1995,161
Turkmenistan,1996,161
Turkmenistan,1997,161
Turkmenistan,1998,161
Turkmenistan,1999,161
Turkmenistan,2000,161
Turkmenistan,2001,161
Turkmenistan,2002,161
Turkmenistan,2004,161
Turkmenistan,2005,161
Turkmenistan,2006,161
Turkmenistan,2007,161
Turkmenistan,2008,161
Turkmenistan,2009,161
Turkmenistan,2010,161
Turkmenistan,2011,161
Turkmenistan,2012,161
Turkmenistan,2013,161
Tuvalu,1992,161
Tuvalu,1993,161
Tuvalu,1994,161
Tuvalu,1995,161
Tuvalu,1996,161
Tuvalu,1997,161
Tuvalu,1998,161
Tuvalu,1999,161
Tuvalu,2000,161
Tuvalu,2001,161
Tuvalu,2002,161
Tuvalu,2004,161
Tuvalu,2005,161
Tuvalu,2006,161
Tuvalu,2007,161
Tuvalu,2008,161
Tuvalu,2009,161
Tuvalu,2010,161
Tuvalu,2011,161
Tuvalu,2012,161
Tuvalu,2013,161
Uganda,1992,1180
Uganda,1993,1180
Uganda,1994,1180
Uganda,1995,1180
Uganda,1996,1180
Uganda,1997,1180
Uganda,1998,1180
Uganda,1999,1180
Uganda,2000,1180
Uganda,2001,1180
Uganda,2002,1180
Uganda,2004,1180
Uganda,2005,1180
Uganda,2006,1180
Uganda,2007,1180
Uganda,2008,1180
Uganda,2009,1180
Uganda,2010,1180
Uganda,2011,1180
Uganda,2012,1180
Uganda,2013,1180
Ukraine,1992,565
Ukraine,1993,565
Ukraine,1994,565
Ukraine,1995,565
Ukraine,1996,565
Ukraine,1997,565
Ukraine,1998,565
Ukraine,1999,565
Ukraine,2000,565
Ukraine,2001,565
Ukraine,2002,565
Ukraine,2004,565
Ukraine,2005,565
Ukraine,2006,565
Ukraine,2007,565
Ukraine,2008,565
Ukraine,2009,565
Ukraine,2010,565
Ukraine,2011,565
Ukraine,2012,565
Ukraine,2013,565
United Arab Emirates,1992,78
United Arab Emirates,1993,78
United Arab Emirates,1994,78
United Arab Emirates,1995,78
United Arab Emirates,1996,78
United Arab Emirates,1997,78
United Arab Emirates,1998,78
United Arab Emirates,1999,78
United Arab Emirates,2000,78
United Arab Emirates,2001,78
United Arab Emirates,2002,78
United Arab Emirates,2004,78
United Arab Emirates,2005,78
United Arab Emirates,2006,78
United Arab Emirates,2007,78
United Arab Emirates,2008,78
United Arab Emirates,2009,78
United Arab Emirates,2010,78
United Arab Emirates,2011,78
United Arab Emirates,2012,78
United Arab Emirates,2013,78
United Kingdom,1992,1220
United Kingdom,1993,1220
United Kingdom,1994,1220
United Kingdom,1995,1220
United Kingdom,1996,1220
United Kingdom,1997,1220
United Kingdom,1998,1220
United Kingdom,1999,1220
United Kingdom,2000,1220
United Kingdom,2001,1220
United Kingdom,2002,1220
United Kingdom,2004,1220
United Kingdom,2005,1220
United Kingdom,2006,1220
United Kingdom,2007,1220
United Kingdom,2008,1220
United Kingdom,2009,1220
United Kingdom,2010,1220
United Kingdom,2011,1220
United Kingdom,2012,1220
United Kingdom,2013,1220
United States,1992,715
United States,1993,715
United States,1994,715
United States,1995,715
United States,1996,715
United States,1997,715
United States,1998,715
United States,1999,715
United States,2000,715
United States,2001,715
United States,2002,715
United States,2004,715
United States,2005,715
United States,2006,715
United States,2007,715
United States,2008,715
United States,2009,715
United States,2010,715
United States,2011,715
United States,2012,715
United States,2013,715
Uruguay,1992,1300
Uruguay,1993,1300
Uruguay,1994,1300
Uruguay,1995,1300
Uruguay,1996,1300
Uruguay,1997,1300
Uruguay,1998,1300
Uruguay,1999,1300
Uruguay,2000,1300
Uruguay,2001,1300
Uruguay,2002,1300
Uruguay,2004,1300
Uruguay,2005,1300
Uruguay,2006,1300
Uruguay,2007,1300
Uruguay,2008,1300
Uruguay,2009,1300
Uruguay,2010,1300
Uruguay,2011,1300
Uruguay,2012,1300
Uruguay,2013,1300
Uzbekistan,1992,206
Uzbekistan,1993,206
Uzbekistan,1994,206
Uzbekistan,1995,206
Uzbekistan,1996,206
Uzbekistan,1997,206
Uzbekistan,1998,206
Uzbekistan,1999,206
Uzbekistan,2000,206
Uzbekistan,2001,206
Uzbekistan,2002,206
Uzbekistan,2004,206
Uzbekistan,2005,206
Uzbekistan,2006,206
Uzbekistan,2007,206
Uzbekistan,2008,206
Uzbekistan,2009,206
Uzbekistan,2010,206
Uzbekistan,2011,206
Uzbekistan,2012,206
Uzbekistan,2013,206
Vanuatu,1992,206
Vanuatu,1993,206
Vanuatu,1994,206
Vanuatu,1995,206
Vanuatu,1996,206
Vanuatu,1997,206
Vanuatu,1998,206
Vanuatu,1999,206
Vanuatu,2000,206
Vanuatu,2001,206
Vanuatu,2002,206
Vanuatu,2004,206
Vanuatu,2005,206
Vanuatu,2006,206
Vanuatu,2007,206
Vanuatu,2008,206
Vanuatu,2009,206
Vanuatu,2010,206
Vanuatu,2011,206
Vanuatu,2012,206
Vanuatu,2013,206
"Venezuela, RB",1992,2044
"Venezuela, RB",1993,2044
"Venezuela, RB",1994,2044
"Venezuela, RB",1995,2044
"Venezuela, RB",1996,2044
"Venezuela, RB",1997,2044
"Venezuela, RB",1998,2044
"Venezuela, RB",1999,2044
"Venezuela, RB",2000,2044
"Venezuela, RB",2001,2044
"Venezuela, RB",2002,2044
"Venezuela, RB",2004,2044
"Venezuela, RB",2005,2044
"Venezuela, RB",2006,2044
"Venezuela, RB",2007,2044
"Venezuela, RB",2008,2044
"Venezuela, RB",2009,2044
"Venezuela, RB",2010,2044
"Venezuela, RB",2011,2044
"Venezuela, RB",2012,2044
"Venezuela, RB",2013,2044
Vietnam,1992,1821
Vietnam,1993,1821
Vietnam,1994,1821
Vietnam,1995,1821
Vietnam,1996,1821
Vietnam,1997,1821
Vietnam,1998,1821
Vietnam,1999,1821
Vietnam,2000,1821
Vietnam,2001,1821
Vietnam,2002,1821
Vietnam,2004,1821
Vietnam,2005,1821
Vietnam,2006,1821
Vietnam,2007,1821
Vietnam,2008,1821
Vietnam,2009,1821
Vietnam,2010,1821
Vietnam,2011,1821
Vietnam,2012,1821
Vietnam,2013,1821
West Bank and Gaza,1992,402
West Bank and Gaza,1993,402
West Bank and Gaza,1994,402
West Bank and Gaza,1995,402
West Bank and Gaza,1996,402
West Bank and Gaza,1997,402
West Bank and Gaza,1998,402
West Bank and Gaza,1999,402
West Bank and Gaza,2000,402
West Bank and Gaza,2001,402
West Bank and Gaza,2002,402
West Bank and Gaza,2004,402
West Bank and Gaza,2005,402
West Bank and Gaza,2006,402
West Bank and Gaza,2007,402
West Bank and Gaza,2008,402
West Bank and Gaza,2009,402
West Bank and Gaza,2010,402
West Bank and Gaza,2011,402
West Bank and Gaza,2012,402
West Bank and Gaza,2013,402
Yemen,1992,167
Yemen,1993,167
Yemen,1994,167
Yemen,1995,167
Yemen,1996,167
Yemen,1997,167
Yemen,1998,167
Yemen,1999,167
Yemen,2000,167
Yemen,2001,167
Yemen,2002,167
Yemen,2004,167
Yemen,2005,167
Yemen,2006,167
Yemen,2007,167
Yemen,2008,167
Yemen,2009,167
Yemen,2010,167
Yemen,2011,167
Yemen,2012,167
Yemen,2013,167
Zambia,1992,1020
Zambia,1993,1020
Zambia,1994,1020
Zambia,1995,1020
Zambia,1996,1020
Zambia,1997,1020
Zambia,1998,1020
Zambia,1999,1020
Zambia,2000,1020
Zambia,2001,1020
Zambia,2002,1020
Zambia,2004,1020
Zambia,2005,1020
Zambia,2006,1020
Zambia,2007,1020
Zambia,2008,1020
Zambia,2009,1020
Zambia,2010,1020
Zambia,2011,1020
Zambia,2012,1020
Zambia,2013,1020
Zimbabwe,1992,657
Zimbabwe,1993,657
Zimbabwe,1994,657
Zimbabwe,1995,657
Zimbabwe,1996,657
Zimbabwe,1997,657
Zimbabwe,1998,657
Zimbabwe,1999,657
Zimbabwe,2000,657
Zimbabwe,2001,657
Zimbabwe,2002,657
Zimbabwe,2004,657
Zimbabwe,2005,657
Zimbabwe,2006,657
Zimbabwe,2007,657
Zimbabwe,2008,657
Zimbabwe,2009,657
Zimbabwe,2010,657
Zimbabwe,2011,657
Zimbabwe,2012,657
Zimbabwe,2013,657
